seed,caption_mode,text_model,arm,macro_f1,balanced_acc
0,-,-,cell_only_supervised,0.36171444657997925,0.382419361958827
0,type_llm,all-MiniLM-L6-v2,grounded_zeroshot,0.3713706932713842,0.4039510949662395
0,type_llm,all-MiniLM-L6-v2,grounded_zeroshot_matched,0.37068252440953686,0.4056433253948932
0,type_llm,all-MiniLM-L6-v2,grounded_probe,0.3762431692293373,0.4061603736053732
0,type_llm,cambridgeltl/SapBERT-from-PubMedBERT-fulltext,grounded_zeroshot,0.37554504715771886,0.39974598700740144
0,type_llm,cambridgeltl/SapBERT-from-PubMedBERT-fulltext,grounded_zeroshot_matched,0.3753582095401582,0.3996323628347776
0,type_llm,cambridgeltl/SapBERT-from-PubMedBERT-fulltext,grounded_probe,0.3757414049249524,0.40136766939486823
1,-,-,cell_only_supervised,0.42447195638098734,0.4283857881855228
1,type_llm,all-MiniLM-L6-v2,grounded_zeroshot,0.42425591486993675,0.42780667047612697
1,type_llm,all-MiniLM-L6-v2,grounded_zeroshot_matched,0.4237602377116812,0.42918410124471945
1,type_llm,all-MiniLM-L6-v2,grounded_probe,0.4244341820166073,0.4276263922836308
1,type_llm,cambridgeltl/SapBERT-from-PubMedBERT-fulltext,grounded_zeroshot,0.4181338853000269,0.4175544418452238
1,type_llm,cambridgeltl/SapBERT-from-PubMedBERT-fulltext,grounded_zeroshot_matched,0.41814486975797993,0.4177571470076427
1,type_llm,cambridgeltl/SapBERT-from-PubMedBERT-fulltext,grounded_probe,0.41875816801183435,0.4191463341694921
2,-,-,cell_only_supervised,0.4174592432125796,0.4197169127753382
2,type_llm,all-MiniLM-L6-v2,grounded_zeroshot,0.41530235172655533,0.42394411977990815
2,type_llm,all-MiniLM-L6-v2,grounded_zeroshot_matched,0.41711585980543847,0.4247353999218754
2,type_llm,all-MiniLM-L6-v2,grounded_probe,0.4151586571509773,0.42042126010120134
2,type_llm,cambridgeltl/SapBERT-from-PubMedBERT-fulltext,grounded_zeroshot,0.40959769287817355,0.41719111670555753
2,type_llm,cambridgeltl/SapBERT-from-PubMedBERT-fulltext,grounded_zeroshot_matched,0.4091968686508188,0.41752311374491274
2,type_llm,cambridgeltl/SapBERT-from-PubMedBERT-fulltext,grounded_probe,0.41063962098586165,0.4153471211024378
