arm,mode,eval_subset,rho,r2,mae,n
B0,strict,all_donors,-0.23927193866530658,-0.3495801255631905,0.2583339075550515,84
B0,strict,test_donors,-0.1503420757008077,-0.6770927812172853,0.292357524387364,21
B0,refit,test_donors,0.1503420757008077,-0.12560743855545864,0.24862330591901216,21
B1,strict,all_donors,0.16077756403766327,-8.855728090369851,0.7310627059225228,84
B1,strict,test_donors,-0.01948051948051948,-7.253403312393445,0.6994469521644419,21
B1,refit,test_donors,0.12337662337662336,-0.08413947872215788,0.23415876256014942,21
B2,strict,all_donors,0.4720056697377747,0.0983315051339233,0.21633686681503747,84
B2,strict,test_donors,0.012987012987012986,-0.4589353673154384,0.2828325506811276,21
B2,refit,test_donors,0.051948051948051945,-0.14968686367989714,0.25318140179754056,21
T0,strict,all_donors,-0.32700212615166546,-6.710294822336782,0.5696588085756802,84
T0,strict,test_donors,-0.1935064935064935,-3.5224063815912086,0.4782442411765587,21
T0,refit,test_donors,0.28441558441558445,-0.11562245978067964,0.25522505514063226,21
T1,strict,all_donors,-0.10412068441834567,-5.013012566447151,0.5019751828277487,84
T1,strict,test_donors,-0.014285714285714285,-3.016763284785415,0.4741635921721548,21
T1,refit,test_donors,0.1,-0.22067024208630093,0.2660753356639325,21
T2,strict,all_donors,-0.10817049711450846,-4.712333516168533,0.48473266215949834,84
T2,strict,test_donors,-0.10389610389610389,-2.056442104373076,0.4305664855233226,21
T2,refit,test_donors,0.17792207792207793,-0.2942880023755652,0.27891369221560236,21
T3,strict,all_donors,0.05325503695454086,-5.783677503409396,0.5756270181334467,84
T3,strict,test_donors,0.044155844155844164,-6.89356048237963,0.6795937464691896,21
T3,refit,test_donors,0.025974025974025972,-0.3546571981333293,0.2855529272920525,21
N1,strict,all_donors,0.07955857041611826,-4.061627147984025,0.38983109312509,84
N1,strict,test_donors,-0.15844155844155844,-1.2690851503294107,0.329433113955562,21
N1,refit,test_donors,0.023376623376623374,-0.33590303170734437,0.2690715796659931,21
N2,strict,all_donors,-0.19584894198643313,-8.106294318162764,0.5993163725468081,84
N2,strict,test_donors,-0.07922077922077922,-2.9711353847915762,0.46928105230898254,21
N2,refit,test_donors,0.2155844155844156,-0.17536210156627074,0.2662856336231239,21
