seed,arm,label_mode,macro_f1,balanced_acc,experiment,caption_mode,text_model,leakage
0,grounded_zeroshot,True,0.4378695768798373,0.5609274234580797,m1_grounding_benchmark,-,-,True
0,grounded_probe,True,0.5200858911346404,0.5217126167678772,m1_grounding_benchmark,-,-,True
0,grounded_zeroshot,False,0.3108035585295301,0.4350990781547825,m1_grounding_benchmark,-,-,False
0,grounded_probe,False,0.4237508846127785,0.4393777820892738,m1_grounding_benchmark,-,-,False
0,cell_only_supervised,,0.5884261275487541,0.6035902410131142,m1_grounding_benchmark,-,-,False
1,grounded_zeroshot,True,0.401129404397777,0.5672711460041623,m1_grounding_benchmark,-,-,True
1,grounded_probe,True,0.4405961251768496,0.4852057794272112,m1_grounding_benchmark,-,-,True
1,grounded_zeroshot,False,0.3055654677984626,0.4823413024791644,m1_grounding_benchmark,-,-,False
1,grounded_probe,False,0.4406810748628169,0.5015220211197293,m1_grounding_benchmark,-,-,False
1,cell_only_supervised,,0.5877818881439196,0.5931917052426915,m1_grounding_benchmark,-,-,False
2,grounded_zeroshot,True,0.3512260104023967,0.5502257773556013,m1_grounding_benchmark,-,-,True
2,grounded_probe,True,0.4552369468291584,0.5046045493929403,m1_grounding_benchmark,-,-,True
2,grounded_zeroshot,False,0.2616095684551967,0.4923512181034432,m1_grounding_benchmark,-,-,False
2,grounded_probe,False,0.4137528305769674,0.4956287496039745,m1_grounding_benchmark,-,-,False
2,cell_only_supervised,,0.5925003563504427,0.6273729376525277,m1_grounding_benchmark,-,-,False
0,cell_only_supervised,-,0.599406412301292,0.5984701872163287,m3_ablation_85k,-,-,False
0,grounded_zeroshot,-,0.2649556445663353,0.4383021635931094,m3_ablation_85k,own_genes,all-MiniLM-L6-v2,False
0,grounded_probe,-,0.4140321963823068,0.4637038303531119,m3_ablation_85k,own_genes,all-MiniLM-L6-v2,False
0,grounded_zeroshot,-,0.2550934784380755,0.3981662546893236,m3_ablation_85k,own_genes,cambridgeltl/SapBERT-from-PubMedBERT-fulltext,False
0,grounded_probe,-,0.4153860945649489,0.4641751291924294,m3_ablation_85k,own_genes,cambridgeltl/SapBERT-from-PubMedBERT-fulltext,False
0,grounded_zeroshot,-,0.5748377928798375,0.5980884872464058,m3_ablation_85k,type_markers,all-MiniLM-L6-v2,False
0,grounded_probe,-,0.5146362904871605,0.5346293828770092,m3_ablation_85k,type_markers,all-MiniLM-L6-v2,False
0,grounded_zeroshot,-,0.548691232967734,0.5964625957768304,m3_ablation_85k,type_markers,cambridgeltl/SapBERT-from-PubMedBERT-fulltext,False
0,grounded_probe,-,0.5536206019353791,0.5883182561906695,m3_ablation_85k,type_markers,cambridgeltl/SapBERT-from-PubMedBERT-fulltext,False
1,cell_only_supervised,-,0.622589981200502,0.6281278142640039,m3_ablation_85k,-,-,False
1,grounded_zeroshot,-,0.3081274458619579,0.4852627167733142,m3_ablation_85k,own_genes,all-MiniLM-L6-v2,False
1,grounded_probe,-,0.4133145323658106,0.4593546577144387,m3_ablation_85k,own_genes,all-MiniLM-L6-v2,False
1,grounded_zeroshot,-,0.2725118314072836,0.4428650993500581,m3_ablation_85k,own_genes,cambridgeltl/SapBERT-from-PubMedBERT-fulltext,False
1,grounded_probe,-,0.4062720302213817,0.4654562833875275,m3_ablation_85k,own_genes,cambridgeltl/SapBERT-from-PubMedBERT-fulltext,False
1,grounded_zeroshot,-,0.6034393471357068,0.6645367951660487,m3_ablation_85k,type_markers,all-MiniLM-L6-v2,False
1,grounded_probe,-,0.6184701809772986,0.6274020042961086,m3_ablation_85k,type_markers,all-MiniLM-L6-v2,False
1,grounded_zeroshot,-,0.5954945392299105,0.6321459361147819,m3_ablation_85k,type_markers,cambridgeltl/SapBERT-from-PubMedBERT-fulltext,False
1,grounded_probe,-,0.5559708090535391,0.6014511146631717,m3_ablation_85k,type_markers,cambridgeltl/SapBERT-from-PubMedBERT-fulltext,False
2,cell_only_supervised,-,0.5864435854904377,0.6263551641109766,m3_ablation_85k,-,-,False
2,grounded_zeroshot,-,0.2905943930050648,0.4958218830875863,m3_ablation_85k,own_genes,all-MiniLM-L6-v2,False
2,grounded_probe,-,0.414513688920631,0.5038881676574318,m3_ablation_85k,own_genes,all-MiniLM-L6-v2,False
2,grounded_zeroshot,-,0.2542828833476679,0.4970203784088928,m3_ablation_85k,own_genes,cambridgeltl/SapBERT-from-PubMedBERT-fulltext,False
2,grounded_probe,-,0.3897515006260583,0.5186699585211998,m3_ablation_85k,own_genes,cambridgeltl/SapBERT-from-PubMedBERT-fulltext,False
2,grounded_zeroshot,-,0.5951716229051252,0.642072732699442,m3_ablation_85k,type_markers,all-MiniLM-L6-v2,False
2,grounded_probe,-,0.5473267056593851,0.5725413212863366,m3_ablation_85k,type_markers,all-MiniLM-L6-v2,False
2,grounded_zeroshot,-,0.5885755745270975,0.6303037234361687,m3_ablation_85k,type_markers,cambridgeltl/SapBERT-from-PubMedBERT-fulltext,False
2,grounded_probe,-,0.5328320863572003,0.5653001291316057,m3_ablation_85k,type_markers,cambridgeltl/SapBERT-from-PubMedBERT-fulltext,False
0,cell_only_supervised,-,0.6154729916721616,0.6265894497277169,m4_llm_honest_85k,-,-,False
0,grounded_zeroshot,-,0.3056489226387678,0.3839321096035556,m4_llm_honest_85k,type_llm,all-MiniLM-L6-v2,False
0,grounded_probe,-,0.5190557283697277,0.5231893368547224,m4_llm_honest_85k,type_llm,all-MiniLM-L6-v2,False
0,grounded_zeroshot,-,0.4512402770827874,0.50391816495022,m4_llm_honest_85k,type_llm,cambridgeltl/SapBERT-from-PubMedBERT-fulltext,False
0,grounded_probe,-,0.5826861121563154,0.5968204273928479,m4_llm_honest_85k,type_llm,cambridgeltl/SapBERT-from-PubMedBERT-fulltext,False
1,cell_only_supervised,-,0.6279752769617368,0.6517600671842614,m4_llm_honest_85k,-,-,False
1,grounded_zeroshot,-,0.3795623284447399,0.5003102466848992,m4_llm_honest_85k,type_llm,all-MiniLM-L6-v2,False
1,grounded_probe,-,0.5813783542460687,0.5836780887763752,m4_llm_honest_85k,type_llm,all-MiniLM-L6-v2,False
1,grounded_zeroshot,-,0.3783308741768187,0.4800264768379862,m4_llm_honest_85k,type_llm,cambridgeltl/SapBERT-from-PubMedBERT-fulltext,False
1,grounded_probe,-,0.5387659577080885,0.5586130167345104,m4_llm_honest_85k,type_llm,cambridgeltl/SapBERT-from-PubMedBERT-fulltext,False
2,cell_only_supervised,-,0.5716187690455321,0.6369656457984687,m4_llm_honest_85k,-,-,False
2,grounded_zeroshot,-,0.2867977043943359,0.4232674648352131,m4_llm_honest_85k,type_llm,all-MiniLM-L6-v2,False
2,grounded_probe,-,0.4925311910347931,0.5524711771434287,m4_llm_honest_85k,type_llm,all-MiniLM-L6-v2,False
2,grounded_zeroshot,-,0.3721955537060406,0.4774784024621887,m4_llm_honest_85k,type_llm,cambridgeltl/SapBERT-from-PubMedBERT-fulltext,False
2,grounded_probe,-,0.5268555744232482,0.5603410352393396,m4_llm_honest_85k,type_llm,cambridgeltl/SapBERT-from-PubMedBERT-fulltext,False
0,cell_only_supervised,-,0.5911593551803995,0.6009555481102539,m4_llm_labeled_85k,-,-,False
0,grounded_zeroshot,-,0.5806414473219861,0.6025075354393735,m4_llm_labeled_85k,type_llm,all-MiniLM-L6-v2,True
0,grounded_probe,-,0.4774784918909261,0.4759191145335566,m4_llm_labeled_85k,type_llm,all-MiniLM-L6-v2,True
0,grounded_zeroshot,-,0.595795036832498,0.6026512677219231,m4_llm_labeled_85k,type_llm,cambridgeltl/SapBERT-from-PubMedBERT-fulltext,True
0,grounded_probe,-,0.5910395363836616,0.5889479845100444,m4_llm_labeled_85k,type_llm,cambridgeltl/SapBERT-from-PubMedBERT-fulltext,True
1,cell_only_supervised,-,0.6151817203468855,0.6213295534997628,m4_llm_labeled_85k,-,-,False
1,grounded_zeroshot,-,0.6115576594663835,0.6474938871525313,m4_llm_labeled_85k,type_llm,all-MiniLM-L6-v2,True
1,grounded_probe,-,0.543197893470537,0.5608491688911388,m4_llm_labeled_85k,type_llm,all-MiniLM-L6-v2,True
1,grounded_zeroshot,-,0.5571789033733554,0.6213265194402317,m4_llm_labeled_85k,type_llm,cambridgeltl/SapBERT-from-PubMedBERT-fulltext,True
1,grounded_probe,-,0.5790707573987321,0.6024734816771631,m4_llm_labeled_85k,type_llm,cambridgeltl/SapBERT-from-PubMedBERT-fulltext,True
2,cell_only_supervised,-,0.6020672227054329,0.6263837841589864,m4_llm_labeled_85k,-,-,False
2,grounded_zeroshot,-,0.5313583479076206,0.6253224112210461,m4_llm_labeled_85k,type_llm,all-MiniLM-L6-v2,True
2,grounded_probe,-,0.5096975964063434,0.5529563982633117,m4_llm_labeled_85k,type_llm,all-MiniLM-L6-v2,True
2,grounded_zeroshot,-,0.5070611889564284,0.5792640051655789,m4_llm_labeled_85k,type_llm,cambridgeltl/SapBERT-from-PubMedBERT-fulltext,True
2,grounded_probe,-,0.5232834894332993,0.5467247929536725,m4_llm_labeled_85k,type_llm,cambridgeltl/SapBERT-from-PubMedBERT-fulltext,True
