,,,,,macro_f1,macro_f1,balanced_acc,balanced_acc
,,,,,mean,std,mean,std
experiment,arm,caption_mode,text_model,leakage,,,,
m1_grounding_benchmark,cell_only_supervised,-,-,False,0.5896,0.0026,0.6081,0.0175
m1_grounding_benchmark,grounded_probe,-,-,False,0.4261,0.0136,0.4788,0.0343
m1_grounding_benchmark,grounded_probe,-,-,True,0.472,0.0423,0.5038,0.0183
m1_grounding_benchmark,grounded_zeroshot,-,-,False,0.2927,0.027,0.4699,0.0306
m1_grounding_benchmark,grounded_zeroshot,-,-,True,0.3967,0.0435,0.5595,0.0086
m3_ablation_85k,cell_only_supervised,-,-,False,0.6028,0.0183,0.6177,0.0166
m3_ablation_85k,grounded_probe,own_genes,all-MiniLM-L6-v2,False,0.414,0.0006,0.4756,0.0246
m3_ablation_85k,grounded_probe,own_genes,cambridgeltl/SapBERT-from-PubMedBERT-fulltext,False,0.4038,0.013,0.4828,0.0311
m3_ablation_85k,grounded_probe,type_markers,all-MiniLM-L6-v2,False,0.5601,0.0531,0.5782,0.0466
m3_ablation_85k,grounded_probe,type_markers,cambridgeltl/SapBERT-from-PubMedBERT-fulltext,False,0.5475,0.0127,0.585,0.0183
m3_ablation_85k,grounded_zeroshot,own_genes,all-MiniLM-L6-v2,False,0.2879,0.0217,0.4731,0.0306
m3_ablation_85k,grounded_zeroshot,own_genes,cambridgeltl/SapBERT-from-PubMedBERT-fulltext,False,0.2606,0.0103,0.446,0.0495
m3_ablation_85k,grounded_zeroshot,type_markers,all-MiniLM-L6-v2,False,0.5911,0.0147,0.6349,0.0338
m3_ablation_85k,grounded_zeroshot,type_markers,cambridgeltl/SapBERT-from-PubMedBERT-fulltext,False,0.5776,0.0253,0.6196,0.0201
m4_llm_honest_85k,cell_only_supervised,-,-,False,0.605,0.0296,0.6384,0.0126
m4_llm_honest_85k,grounded_probe,type_llm,all-MiniLM-L6-v2,False,0.531,0.0456,0.5531,0.0302
m4_llm_honest_85k,grounded_probe,type_llm,cambridgeltl/SapBERT-from-PubMedBERT-fulltext,False,0.5494,0.0294,0.5719,0.0216
m4_llm_honest_85k,grounded_zeroshot,type_llm,all-MiniLM-L6-v2,False,0.324,0.049,0.4358,0.0592
m4_llm_honest_85k,grounded_zeroshot,type_llm,cambridgeltl/SapBERT-from-PubMedBERT-fulltext,False,0.4006,0.044,0.4871,0.0146
m4_llm_labeled_85k,cell_only_supervised,-,-,False,0.6028,0.012,0.6162,0.0135
m4_llm_labeled_85k,grounded_probe,type_llm,all-MiniLM-L6-v2,True,0.5101,0.0329,0.5299,0.0469
m4_llm_labeled_85k,grounded_probe,type_llm,cambridgeltl/SapBERT-from-PubMedBERT-fulltext,True,0.5645,0.0362,0.5794,0.0291
m4_llm_labeled_85k,grounded_zeroshot,type_llm,all-MiniLM-L6-v2,True,0.5745,0.0404,0.6251,0.0225
m4_llm_labeled_85k,grounded_zeroshot,type_llm,cambridgeltl/SapBERT-from-PubMedBERT-fulltext,True,0.5533,0.0445,0.6011,0.0211
