index,observed,predicted
R1088362,2.0,0.5607702
R1154454,2.0,0.5952386
R2516394,2.0,0.5499988
R2975126,1.0,0.62539846
R3067449,0.0,0.6727925
R3391715,2.0,0.5456903
R3398943,0.0,0.62324417
R3864948,1.0,0.58446723
R4262244,2.0,0.57369584
R4956716,1.0,0.50260484
R5309342,1.0,0.5887758
R5437670,0.0,0.58231294
R5693901,1.0,0.519839
R6411801,2.0,1.0854853
R6681836,0.0,0.5521531
R7423003,0.0,0.62755275
R7594705,2.0,0.52414757
R8044591,0.0,0.5395328
R8072902,2.0,0.61678135
R8329066,0.0,0.653404
R8774534,0.0,0.63616985
R8834184,0.0,0.5693873
R8959302,0.0,0.5715416
R9033345,1.0,0.5334421
R9180445,2.0,0.82143736
R9738414,0.0,0.567233
R9810713,1.0,0.677101
R9880904,0.0,0.62539846
