identity_f1_probe,identity_f1_zeroshot,identity_eval,path_rho,path_r2,path_mae,arm,n_train_donors,n_test_donors
,,,0.024523081884628654,-0.7690429815999811,0.9201231705290931,B0,83,28
,,,0.5194166018455082,0.22712000854238157,0.5478097402623722,B1,83,28
0.9515833993715378,,head,0.3610506754580267,0.10847074404220802,0.6629132181406021,B2,83,28
0.9096593102498736,0.963038141263053,probe,-0.11759260951906271,-0.2646817547703093,0.7767149923103196,T0,83,28
0.8407675822878781,0.9625659396168058,probe,0.14743395012565905,-0.10052932722565666,0.7284232314143863,T1,83,28
0.9164206430351841,0.9568209031205143,probe,-0.15393404411917505,-0.28059156734144763,0.7888035476207733,T2,83,28
0.6656239568335659,0.6305272884402852,probe,0.05111437549446696,-0.12492246898164905,0.7421756205814225,T3,83,28
0.9525245882171092,,head,0.4000512394191229,0.17185568651274297,0.6436462860022273,N1,83,28
0.8360867811749946,0.9564944132343011,probe,-0.0682509869319183,-0.15934518326986624,0.7651251043592181,N2,83,28
