arm,seed,target,rho,r2,n_train,n_test,n
pseudobulk_pca,0,CPS_Global,0.42727272727272725,-0.23385180573851638,63.0,21.0,
pseudobulk_pca,0,braak_trajectory,0.468096916952225,,,,21.0
pseudobulk_pca,1,CPS_Global,0.40259740259740256,0.00510708544927041,63.0,21.0,
pseudobulk_pca,1,braak_trajectory,0.24425055679986524,,,,21.0
pseudobulk_pca,2,CPS_Global,-0.04025974025974026,-0.4138896090644619,63.0,21.0,
pseudobulk_pca,2,braak_trajectory,0.6633607873285706,,,,21.0
type_llm_SapBERT-from-PubMedBERT-fulltext,0,CPS_Global,0.43766233766233764,0.14146564115978288,63.0,21.0,
type_llm_SapBERT-from-PubMedBERT-fulltext,0,CPS_Global_pTau,0.6103896103896104,0.23648254385602463,63.0,21.0,
type_llm_SapBERT-from-PubMedBERT-fulltext,0,CPS_Global_ABeta,0.1,-0.030466088601485142,63.0,21.0,
type_llm_SapBERT-from-PubMedBERT-fulltext,0,braak_trajectory,0.1299874594874919,,,,21.0
type_llm_SapBERT-from-PubMedBERT-fulltext,0,cerad_trajectory,0.255166705992161,,,,21.0
type_llm_SapBERT-from-PubMedBERT-fulltext,0,adnc_trajectory,0.22814422367203216,,,,21.0
type_llm_SapBERT-from-PubMedBERT-fulltext@AnG,0,CPS_Local,0.14545454545454548,-0.14193871832584626,32.0,11.0,
type_llm_SapBERT-from-PubMedBERT-fulltext@AnG,0,CPS_Global,-0.15454545454545454,-0.14315377904063786,32.0,11.0,
type_llm_SapBERT-from-PubMedBERT-fulltext@FI,0,CPS_Local,0.06363636363636364,-0.1027339031120218,30.0,11.0,
type_llm_SapBERT-from-PubMedBERT-fulltext@FI,0,CPS_Global,0.14545454545454548,0.031560204884262144,30.0,11.0,
type_llm_SapBERT-from-PubMedBERT-fulltext@HIP,0,CPS_Local,-0.28484848484848485,-0.4527403725663801,30.0,10.0,
type_llm_SapBERT-from-PubMedBERT-fulltext@HIP,0,CPS_Global,-0.19999999999999998,-0.34979613902679807,30.0,10.0,
type_llm_SapBERT-from-PubMedBERT-fulltext@ITG,0,CPS_Local,0.5272727272727273,0.0824752588879929,32.0,11.0,
type_llm_SapBERT-from-PubMedBERT-fulltext@ITG,0,CPS_Global,0.6454545454545455,0.2584233802911938,32.0,11.0,
type_llm_SapBERT-from-PubMedBERT-fulltext@LEC,0,CPS_Local,,,0.0,0.0,
type_llm_SapBERT-from-PubMedBERT-fulltext@LEC,0,CPS_Global,0.30952380952380953,-0.1361097961796922,26.0,8.0,
type_llm_SapBERT-from-PubMedBERT-fulltext@MEC,0,CPS_Local,0.4827067669172932,0.1789950768367471,60.0,20.0,
type_llm_SapBERT-from-PubMedBERT-fulltext@MEC,0,CPS_Global,0.6345864661654135,0.250076255545313,61.0,20.0,
type_llm_SapBERT-from-PubMedBERT-fulltext@MTG,0,CPS_Local,0.6207792207792208,0.2305255727724479,63.0,21.0,
type_llm_SapBERT-from-PubMedBERT-fulltext@MTG,0,CPS_Global,0.6116883116883116,0.25767777069838604,63.0,21.0,
type_llm_SapBERT-from-PubMedBERT-fulltext@PFC,0,CPS_Local,,,0.0,0.0,
type_llm_SapBERT-from-PubMedBERT-fulltext@PFC,0,CPS_Global,0.512781954887218,0.20544539849191323,60.0,20.0,
type_llm_SapBERT-from-PubMedBERT-fulltext@STG,0,CPS_Local,0.41818181818181827,0.07544884800224905,32.0,11.0,
type_llm_SapBERT-from-PubMedBERT-fulltext@STG,0,CPS_Global,0.3454545454545455,0.13278296203316686,32.0,11.0,
type_llm_SapBERT-from-PubMedBERT-fulltext@V1C,0,CPS_Local,-0.1272727272727273,-0.1025952279752933,32.0,11.0,
type_llm_SapBERT-from-PubMedBERT-fulltext@V1C,0,CPS_Global,-0.18181818181818182,-0.2512346614403831,32.0,11.0,
type_llm_all-MiniLM-L6-v2,0,CPS_Global,0.3896103896103896,0.1377091517816056,63.0,21.0,
type_llm_all-MiniLM-L6-v2,0,CPS_Global_pTau,0.5,0.20901528804912073,63.0,21.0,
type_llm_all-MiniLM-L6-v2,0,CPS_Global_ABeta,0.1987012987012987,-0.0027179587722001575,63.0,21.0,
type_llm_all-MiniLM-L6-v2,0,braak_trajectory,0.04190852518995641,,,,21.0
type_llm_all-MiniLM-L6-v2,0,cerad_trajectory,0.14648459047698134,,,,21.0
type_llm_all-MiniLM-L6-v2,0,adnc_trajectory,0.18070138816836798,,,,21.0
type_llm_all-MiniLM-L6-v2@AnG,0,CPS_Local,-0.27272727272727276,-0.2284336708342143,32.0,11.0,
type_llm_all-MiniLM-L6-v2@AnG,0,CPS_Global,-0.18181818181818182,-0.18424465084485675,32.0,11.0,
type_llm_all-MiniLM-L6-v2@FI,0,CPS_Local,0.10909090909090911,-0.22190924815483726,30.0,11.0,
type_llm_all-MiniLM-L6-v2@FI,0,CPS_Global,-0.08181818181818183,-0.13582807996743185,30.0,11.0,
type_llm_all-MiniLM-L6-v2@HIP,0,CPS_Local,-0.22424242424242422,-0.21263626313474604,30.0,10.0,
type_llm_all-MiniLM-L6-v2@HIP,0,CPS_Global,-0.19999999999999998,-0.2530711001874433,30.0,10.0,
type_llm_all-MiniLM-L6-v2@ITG,0,CPS_Local,0.6727272727272727,0.14128498696727299,32.0,11.0,
type_llm_all-MiniLM-L6-v2@ITG,0,CPS_Global,0.7454545454545456,0.20977862178476014,32.0,11.0,
type_llm_all-MiniLM-L6-v2@LEC,0,CPS_Local,,,0.0,0.0,
type_llm_all-MiniLM-L6-v2@LEC,0,CPS_Global,0.07142857142857144,-0.14164483390203575,26.0,8.0,
type_llm_all-MiniLM-L6-v2@MEC,0,CPS_Local,0.47518796992481205,0.21169666513474605,60.0,20.0,
type_llm_all-MiniLM-L6-v2@MEC,0,CPS_Global,0.5293233082706766,0.24115215396251033,61.0,20.0,
type_llm_all-MiniLM-L6-v2@MTG,0,CPS_Local,0.5844155844155844,0.22630018808498342,63.0,21.0,
type_llm_all-MiniLM-L6-v2@MTG,0,CPS_Global,0.4701298701298702,0.22985665482403006,63.0,21.0,
type_llm_all-MiniLM-L6-v2@PFC,0,CPS_Local,,,0.0,0.0,
type_llm_all-MiniLM-L6-v2@PFC,0,CPS_Global,0.5278195488721804,0.2282517274563589,60.0,20.0,
type_llm_all-MiniLM-L6-v2@STG,0,CPS_Local,0.5181818181818182,-0.030069064967038317,32.0,11.0,
type_llm_all-MiniLM-L6-v2@STG,0,CPS_Global,0.3545454545454546,0.01992622356724083,32.0,11.0,
type_llm_all-MiniLM-L6-v2@V1C,0,CPS_Local,-0.27272727272727276,-0.15368736860281262,32.0,11.0,
type_llm_all-MiniLM-L6-v2@V1C,0,CPS_Global,-0.20909090909090913,-0.258883932440789,32.0,11.0,
type_llm_SapBERT-from-PubMedBERT-fulltext,1,CPS_Global,0.4506493506493507,0.15373226416973018,63.0,21.0,
type_llm_SapBERT-from-PubMedBERT-fulltext,1,CPS_Global_pTau,0.4727272727272727,0.19648681781480748,63.0,21.0,
type_llm_SapBERT-from-PubMedBERT-fulltext,1,CPS_Global_ABeta,0.2532467532467532,0.04950165666819495,63.0,21.0,
type_llm_SapBERT-from-PubMedBERT-fulltext,1,braak_trajectory,0.31861734644004763,,,,21.0
type_llm_SapBERT-from-PubMedBERT-fulltext,1,cerad_trajectory,0.5016247951057993,,,,21.0
type_llm_SapBERT-from-PubMedBERT-fulltext,1,adnc_trajectory,0.5630282354961068,,,,21.0
type_llm_SapBERT-from-PubMedBERT-fulltext@AnG,1,CPS_Local,0.3090909090909091,0.01660246096651219,32.0,11.0,
type_llm_SapBERT-from-PubMedBERT-fulltext@AnG,1,CPS_Global,0.29090909090909095,0.06516484085360519,32.0,11.0,
type_llm_SapBERT-from-PubMedBERT-fulltext@FI,1,CPS_Local,0.29696969696969694,0.012874500536852351,31.0,10.0,
type_llm_SapBERT-from-PubMedBERT-fulltext@FI,1,CPS_Global,0.2121212121212121,0.08483073746148106,31.0,10.0,
type_llm_SapBERT-from-PubMedBERT-fulltext@HIP,1,CPS_Local,0.22424242424242422,-0.19468012023399517,30.0,10.0,
type_llm_SapBERT-from-PubMedBERT-fulltext@HIP,1,CPS_Global,0.3939393939393939,0.03760002006759078,30.0,10.0,
type_llm_SapBERT-from-PubMedBERT-fulltext@ITG,1,CPS_Local,0.19090909090909092,0.020016851562936533,32.0,11.0,
type_llm_SapBERT-from-PubMedBERT-fulltext@ITG,1,CPS_Global,0.23636363636363636,0.008053897202176086,32.0,11.0,
type_llm_SapBERT-from-PubMedBERT-fulltext@LEC,1,CPS_Local,,,0.0,0.0,
type_llm_SapBERT-from-PubMedBERT-fulltext@LEC,1,CPS_Global,0.523809523809524,0.15233159017712394,26.0,8.0,
type_llm_SapBERT-from-PubMedBERT-fulltext@MEC,1,CPS_Local,0.5233766233766234,0.12347976402007887,59.0,21.0,
type_llm_SapBERT-from-PubMedBERT-fulltext@MEC,1,CPS_Global,0.525974025974026,0.18913395878239336,60.0,21.0,
type_llm_SapBERT-from-PubMedBERT-fulltext@MTG,1,CPS_Local,0.43766233766233764,0.12272560320801762,63.0,21.0,
type_llm_SapBERT-from-PubMedBERT-fulltext@MTG,1,CPS_Global,0.44415584415584414,0.13719671209579543,63.0,21.0,
type_llm_SapBERT-from-PubMedBERT-fulltext@PFC,1,CPS_Local,,,0.0,0.0,
type_llm_SapBERT-from-PubMedBERT-fulltext@PFC,1,CPS_Global,0.4451127819548871,0.14196641571319268,60.0,20.0,
type_llm_SapBERT-from-PubMedBERT-fulltext@STG,1,CPS_Local,0.38181818181818183,0.08889282823163003,32.0,11.0,
type_llm_SapBERT-from-PubMedBERT-fulltext@STG,1,CPS_Global,0.2545454545454546,0.08665525697497445,32.0,11.0,
type_llm_SapBERT-from-PubMedBERT-fulltext@V1C,1,CPS_Local,0.28181818181818186,0.13161491608913167,32.0,11.0,
type_llm_SapBERT-from-PubMedBERT-fulltext@V1C,1,CPS_Global,0.3545454545454546,0.050894349711301246,32.0,11.0,
type_llm_all-MiniLM-L6-v2,1,CPS_Global,0.4909090909090909,0.1551331875419284,63.0,21.0,
type_llm_all-MiniLM-L6-v2,1,CPS_Global_pTau,0.48571428571428565,0.18548976244165627,63.0,21.0,
type_llm_all-MiniLM-L6-v2,1,CPS_Global_ABeta,0.28441558441558445,0.05116093386092102,63.0,21.0,
type_llm_all-MiniLM-L6-v2,1,braak_trajectory,0.44620073784109454,,,,21.0
type_llm_all-MiniLM-L6-v2,1,cerad_trajectory,0.5667621513645176,,,,21.0
type_llm_all-MiniLM-L6-v2,1,adnc_trajectory,0.5602784028441111,,,,21.0
type_llm_all-MiniLM-L6-v2@AnG,1,CPS_Local,0.20000000000000004,0.00015672049797488263,32.0,11.0,
type_llm_all-MiniLM-L6-v2@AnG,1,CPS_Global,0.23636363636363636,0.03269125588030253,32.0,11.0,
type_llm_all-MiniLM-L6-v2@FI,1,CPS_Local,0.28484848484848485,-0.022365803578111576,31.0,10.0,
type_llm_all-MiniLM-L6-v2@FI,1,CPS_Global,0.28484848484848485,0.07040155677538773,31.0,10.0,
type_llm_all-MiniLM-L6-v2@HIP,1,CPS_Local,0.12727272727272726,-0.27703711991799485,30.0,10.0,
type_llm_all-MiniLM-L6-v2@HIP,1,CPS_Global,0.17575757575757575,-0.007120271140459655,30.0,10.0,
type_llm_all-MiniLM-L6-v2@ITG,1,CPS_Local,0.16363636363636366,0.003040422179137914,32.0,11.0,
type_llm_all-MiniLM-L6-v2@ITG,1,CPS_Global,0.26363636363636367,0.03187300499403156,32.0,11.0,
type_llm_all-MiniLM-L6-v2@LEC,1,CPS_Local,,,0.0,0.0,
type_llm_all-MiniLM-L6-v2@LEC,1,CPS_Global,0.523809523809524,0.09718876405832777,26.0,8.0,
type_llm_all-MiniLM-L6-v2@MEC,1,CPS_Local,0.5272727272727272,0.06882504995371919,59.0,21.0,
type_llm_all-MiniLM-L6-v2@MEC,1,CPS_Global,0.5857142857142857,0.21147222607498206,60.0,21.0,
type_llm_all-MiniLM-L6-v2@MTG,1,CPS_Local,0.461038961038961,0.12250899519111669,63.0,21.0,
type_llm_all-MiniLM-L6-v2@MTG,1,CPS_Global,0.4688311688311688,0.13406763278075562,63.0,21.0,
type_llm_all-MiniLM-L6-v2@PFC,1,CPS_Local,,,0.0,0.0,
type_llm_all-MiniLM-L6-v2@PFC,1,CPS_Global,0.5488721804511278,0.14884729555359855,60.0,20.0,
type_llm_all-MiniLM-L6-v2@STG,1,CPS_Local,0.46363636363636374,0.14174045811398384,32.0,11.0,
type_llm_all-MiniLM-L6-v2@STG,1,CPS_Global,0.3454545454545455,0.07582443519487025,32.0,11.0,
type_llm_all-MiniLM-L6-v2@V1C,1,CPS_Local,0.27272727272727276,0.09774245367135515,32.0,11.0,
type_llm_all-MiniLM-L6-v2@V1C,1,CPS_Global,0.3454545454545455,0.030435517576679505,32.0,11.0,
type_llm_SapBERT-from-PubMedBERT-fulltext,2,CPS_Global,0.5688311688311689,0.2079263387298964,63.0,21.0,
type_llm_SapBERT-from-PubMedBERT-fulltext,2,CPS_Global_pTau,0.6922077922077923,0.2906883583710077,63.0,21.0,
type_llm_SapBERT-from-PubMedBERT-fulltext,2,CPS_Global_ABeta,0.20649350649350648,0.07489828706803014,63.0,21.0,
type_llm_SapBERT-from-PubMedBERT-fulltext,2,braak_trajectory,0.4655886271312328,,,,21.0
type_llm_SapBERT-from-PubMedBERT-fulltext,2,cerad_trajectory,0.36722404248607304,,,,21.0
type_llm_SapBERT-from-PubMedBERT-fulltext,2,adnc_trajectory,0.4506097023240998,,,,21.0
type_llm_SapBERT-from-PubMedBERT-fulltext@AnG,2,CPS_Local,0.33333333333333337,0.02855700196536215,34.0,9.0,
type_llm_SapBERT-from-PubMedBERT-fulltext@AnG,2,CPS_Global,0.06666666666666667,-0.16686778243409228,34.0,9.0,
type_llm_SapBERT-from-PubMedBERT-fulltext@FI,2,CPS_Local,0.5333333333333333,-0.04981235051932775,32.0,9.0,
type_llm_SapBERT-from-PubMedBERT-fulltext@FI,2,CPS_Global,0.43333333333333335,-0.041053397947715675,32.0,9.0,
type_llm_SapBERT-from-PubMedBERT-fulltext@HIP,2,CPS_Local,-0.03333333333333333,-0.3087061109542739,31.0,9.0,
type_llm_SapBERT-from-PubMedBERT-fulltext@HIP,2,CPS_Global,0.25,-0.061421299446966726,31.0,9.0,
type_llm_SapBERT-from-PubMedBERT-fulltext@ITG,2,CPS_Local,-0.31666666666666665,-0.27535245496951677,34.0,9.0,
type_llm_SapBERT-from-PubMedBERT-fulltext@ITG,2,CPS_Global,0.16666666666666669,-0.22759557637770955,34.0,9.0,
type_llm_SapBERT-from-PubMedBERT-fulltext@LEC,2,CPS_Local,,,0.0,0.0,
type_llm_SapBERT-from-PubMedBERT-fulltext@LEC,2,CPS_Global,0.4642857142857144,-0.0610513601689231,27.0,7.0,
type_llm_SapBERT-from-PubMedBERT-fulltext@MEC,2,CPS_Local,0.6345864661654135,0.18445582429519214,60.0,20.0,
type_llm_SapBERT-from-PubMedBERT-fulltext@MEC,2,CPS_Global,0.5834586466165413,0.20462901288067448,61.0,20.0,
type_llm_SapBERT-from-PubMedBERT-fulltext@MTG,2,CPS_Local,0.503896103896104,0.21407287079141046,63.0,21.0,
type_llm_SapBERT-from-PubMedBERT-fulltext@MTG,2,CPS_Global,0.5883116883116883,0.21736791580601056,63.0,21.0,
type_llm_SapBERT-from-PubMedBERT-fulltext@PFC,2,CPS_Local,,,0.0,0.0,
type_llm_SapBERT-from-PubMedBERT-fulltext@PFC,2,CPS_Global,0.44415584415584414,0.17691561511300435,59.0,21.0,
type_llm_SapBERT-from-PubMedBERT-fulltext@STG,2,CPS_Local,0.43333333333333335,0.10630559760932701,34.0,9.0,
type_llm_SapBERT-from-PubMedBERT-fulltext@STG,2,CPS_Global,0.5499999999999999,0.07927729172689191,34.0,9.0,
type_llm_SapBERT-from-PubMedBERT-fulltext@V1C,2,CPS_Local,0.48333333333333334,0.05807762024237029,34.0,9.0,
type_llm_SapBERT-from-PubMedBERT-fulltext@V1C,2,CPS_Global,0.3666666666666667,-0.050574460063779414,34.0,9.0,
type_llm_all-MiniLM-L6-v2,2,CPS_Global,0.4909090909090909,0.16922902470908352,63.0,21.0,
type_llm_all-MiniLM-L6-v2,2,CPS_Global_pTau,0.5987012987012986,0.26433404984454845,63.0,21.0,
type_llm_all-MiniLM-L6-v2,2,CPS_Global_ABeta,0.2324675324675325,0.036967397413808833,63.0,21.0,
type_llm_all-MiniLM-L6-v2,2,braak_trajectory,0.5294525538616232,,,,21.0
type_llm_all-MiniLM-L6-v2,2,cerad_trajectory,0.46105518569483056,,,,21.0
type_llm_all-MiniLM-L6-v2,2,adnc_trajectory,0.5596169800820099,,,,21.0
type_llm_all-MiniLM-L6-v2@AnG,2,CPS_Local,0.18333333333333335,-0.02581661053754991,34.0,9.0,
type_llm_all-MiniLM-L6-v2@AnG,2,CPS_Global,-0.08333333333333334,-0.32048383728599417,34.0,9.0,
type_llm_all-MiniLM-L6-v2@FI,2,CPS_Local,0.2833333333333333,-0.1293900900199827,32.0,9.0,
type_llm_all-MiniLM-L6-v2@FI,2,CPS_Global,0.4666666666666666,-0.16848798584597757,32.0,9.0,
type_llm_all-MiniLM-L6-v2@HIP,2,CPS_Local,-0.03333333333333333,-0.7401950103119175,31.0,9.0,
type_llm_all-MiniLM-L6-v2@HIP,2,CPS_Global,0.18333333333333335,-0.2364228807911688,31.0,9.0,
type_llm_all-MiniLM-L6-v2@ITG,2,CPS_Local,-0.31666666666666665,-0.3949031442657278,34.0,9.0,
type_llm_all-MiniLM-L6-v2@ITG,2,CPS_Global,0.11666666666666665,-0.4806205062431472,34.0,9.0,
type_llm_all-MiniLM-L6-v2@LEC,2,CPS_Local,,,0.0,0.0,
type_llm_all-MiniLM-L6-v2@LEC,2,CPS_Global,0.3571428571428572,-0.17590526830790276,27.0,7.0,
type_llm_all-MiniLM-L6-v2@MEC,2,CPS_Local,0.5639097744360902,0.19039235681194833,60.0,20.0,
type_llm_all-MiniLM-L6-v2@MEC,2,CPS_Global,0.49022556390977434,0.18899104103460274,61.0,20.0,
type_llm_all-MiniLM-L6-v2@MTG,2,CPS_Local,0.45324675324675323,0.16464728491486214,63.0,21.0,
type_llm_all-MiniLM-L6-v2@MTG,2,CPS_Global,0.48181818181818176,0.1622130744039143,63.0,21.0,
type_llm_all-MiniLM-L6-v2@PFC,2,CPS_Local,,,0.0,0.0,
type_llm_all-MiniLM-L6-v2@PFC,2,CPS_Global,0.4311688311688312,0.13756761502711412,59.0,21.0,
type_llm_all-MiniLM-L6-v2@STG,2,CPS_Local,0.3,-0.13949301214538434,34.0,9.0,
type_llm_all-MiniLM-L6-v2@STG,2,CPS_Global,0.5499999999999999,-0.0806930547883924,34.0,9.0,
type_llm_all-MiniLM-L6-v2@V1C,2,CPS_Local,0.5833333333333334,0.047672156779131614,34.0,9.0,
type_llm_all-MiniLM-L6-v2@V1C,2,CPS_Global,0.45,-0.18082314231482588,34.0,9.0,
