arm,mode,eval_subset,rho,r2,mae,n,direction,seed
B0,strict,all_donors,-0.2392719386653065,-0.3495801255631905,0.2583339075550515,84,rosmap_to_seaad_mtg,3
B0,strict,test_donors,-0.1503420757008077,-0.6770927812172853,0.292357524387364,21,rosmap_to_seaad_mtg,3
B0,refit,test_donors,0.1503420757008077,-0.1256074385554586,0.2486233059190121,21,rosmap_to_seaad_mtg,3
B1,strict,all_donors,0.1607775640376632,-8.855728090369851,0.7310627059225228,84,rosmap_to_seaad_mtg,3
B1,strict,test_donors,-0.0194805194805194,-7.253403312393445,0.6994469521644419,21,rosmap_to_seaad_mtg,3
B1,refit,test_donors,0.1233766233766233,-0.0841394787221578,0.2341587625601494,21,rosmap_to_seaad_mtg,3
B2,strict,all_donors,0.4720056697377747,0.0983315051339233,0.2163368668150374,84,rosmap_to_seaad_mtg,3
B2,strict,test_donors,0.0129870129870129,-0.4589353673154384,0.2828325506811276,21,rosmap_to_seaad_mtg,3
B2,refit,test_donors,0.0519480519480519,-0.1496868636798971,0.2531814017975405,21,rosmap_to_seaad_mtg,3
T0,strict,all_donors,-0.3270021261516654,-6.710294822336782,0.5696588085756802,84,rosmap_to_seaad_mtg,3
T0,strict,test_donors,-0.1935064935064935,-3.522406381591209,0.4782442411765587,21,rosmap_to_seaad_mtg,3
T0,refit,test_donors,0.2844155844155844,-0.1156224597806796,0.2552250551406322,21,rosmap_to_seaad_mtg,3
T1,strict,all_donors,-0.1041206844183456,-5.013012566447151,0.5019751828277487,84,rosmap_to_seaad_mtg,3
T1,strict,test_donors,-0.0142857142857142,-3.016763284785415,0.4741635921721548,21,rosmap_to_seaad_mtg,3
T1,refit,test_donors,0.1,-0.2206702420863009,0.2660753356639325,21,rosmap_to_seaad_mtg,3
T2,strict,all_donors,-0.1081704971145084,-4.712333516168533,0.4847326621594983,84,rosmap_to_seaad_mtg,3
T2,strict,test_donors,-0.1038961038961038,-2.056442104373076,0.4305664855233226,21,rosmap_to_seaad_mtg,3
T2,refit,test_donors,0.1779220779220779,-0.2942880023755652,0.2789136922156023,21,rosmap_to_seaad_mtg,3
T3,strict,all_donors,0.0532550369545408,-5.783677503409396,0.5756270181334467,84,rosmap_to_seaad_mtg,3
T3,strict,test_donors,0.0441558441558441,-6.89356048237963,0.6795937464691896,21,rosmap_to_seaad_mtg,3
T3,refit,test_donors,0.0259740259740259,-0.3546571981333293,0.2855529272920525,21,rosmap_to_seaad_mtg,3
N1,strict,all_donors,0.0795585704161182,-4.061627147984025,0.38983109312509,84,rosmap_to_seaad_mtg,3
N1,strict,test_donors,-0.1584415584415584,-1.2690851503294107,0.329433113955562,21,rosmap_to_seaad_mtg,3
N1,refit,test_donors,0.0233766233766233,-0.3359030317073443,0.2690715796659931,21,rosmap_to_seaad_mtg,3
N2,strict,all_donors,-0.1958489419864331,-8.106294318162764,0.5993163725468081,84,rosmap_to_seaad_mtg,3
N2,strict,test_donors,-0.0792207792207792,-2.971135384791576,0.4692810523089825,21,rosmap_to_seaad_mtg,3
N2,refit,test_donors,0.2155844155844156,-0.1753621015662707,0.2662856336231239,21,rosmap_to_seaad_mtg,3
B0,strict,all_donors,-0.2392719386653065,-0.3559352507322149,0.2830061187635621,84,rosmap_to_seaad_mtg,4
B0,strict,test_donors,-0.0064998405933641,-0.0357241375793144,0.2607053562989393,21,rosmap_to_seaad_mtg,4
B0,refit,test_donors,0.0064998405933641,-0.4113908037352474,0.3199539745407598,21,rosmap_to_seaad_mtg,4
B1,strict,all_donors,0.3740204515541157,-2.412753953395872,0.309059291085255,84,rosmap_to_seaad_mtg,4
B1,strict,test_donors,0.5,-1.395850059374924,0.2828188620105765,21,rosmap_to_seaad_mtg,4
B1,refit,test_donors,0.6740259740259741,0.0359428320807421,0.2472805017053281,21,rosmap_to_seaad_mtg,4
B2,strict,all_donors,0.5263946542472411,0.1416267231532187,0.2211824498867044,84,rosmap_to_seaad_mtg,4
B2,strict,test_donors,0.6909090909090909,0.5776554101804424,0.1670789441699785,21,rosmap_to_seaad_mtg,4
B2,refit,test_donors,0.2272727272727272,-0.2859841935795371,0.2971391654333009,21,rosmap_to_seaad_mtg,4
T0,strict,all_donors,0.0531132935101751,-5.376672808925023,0.5392489723893548,84,rosmap_to_seaad_mtg,4
T0,strict,test_donors,-0.0129870129870129,-6.190480862546377,0.6496237798666732,21,rosmap_to_seaad_mtg,4
T0,refit,test_donors,0.2246753246753246,-0.1494816784011234,0.271561988079847,21,rosmap_to_seaad_mtg,4
T1,strict,all_donors,-0.2585602915865141,-7.296208014340744,0.636354096712443,84,rosmap_to_seaad_mtg,4
T1,strict,test_donors,-0.2597402597402597,-6.526055917018018,0.7133042245310525,21,rosmap_to_seaad_mtg,4
T1,refit,test_donors,0.0376623376623376,-0.2593698072058217,0.2911231014260377,21,rosmap_to_seaad_mtg,4
T2,strict,all_donors,-0.2254935709223448,-3.986320969695142,0.4791229911803509,84,rosmap_to_seaad_mtg,4
T2,strict,test_donors,-0.3103896103896104,-3.389001673672735,0.5230602478457556,21,rosmap_to_seaad_mtg,4
T2,refit,test_donors,0.2558441558441559,-0.1748648051727821,0.2807631031658121,21,rosmap_to_seaad_mtg,4
T3,strict,all_donors,0.1683709628429685,-3.9273444458402738,0.4897511354582895,84,rosmap_to_seaad_mtg,4
T3,strict,test_donors,-0.0571428571428571,-4.694490936718595,0.6089455642077732,21,rosmap_to_seaad_mtg,4
T3,refit,test_donors,0.2337662337662337,-0.0967003916343853,0.2707940372938232,21,rosmap_to_seaad_mtg,4
N1,strict,all_donors,0.2900273362356991,-10.826916275370433,0.705693867646007,84,rosmap_to_seaad_mtg,4
N1,strict,test_donors,0.3896103896103896,-8.421263367744308,0.70573803003125,21,rosmap_to_seaad_mtg,4
N1,refit,test_donors,0.3467532467532467,-0.2773781278171356,0.2834485347476291,21,rosmap_to_seaad_mtg,4
N2,strict,all_donors,-0.2139111066113192,-3.377548373553504,0.4291723261533447,84,rosmap_to_seaad_mtg,4
N2,strict,test_donors,-0.2259740259740259,-3.2854425970144936,0.4916651675526414,21,rosmap_to_seaad_mtg,4
N2,refit,test_donors,0.2844155844155844,-0.0917898615313339,0.2726316956097325,21,rosmap_to_seaad_mtg,4
B0,strict,all_donors,-0.2392719386653065,-0.704932974585154,0.313947987002211,84,rosmap_to_seaad_mtg,5
B0,strict,test_donors,-0.339955872129321,-0.5817048532471198,0.324674132190519,21,rosmap_to_seaad_mtg,5
B0,refit,test_donors,0.339955872129321,-0.0474876888239566,0.2943734170831298,21,rosmap_to_seaad_mtg,5
B1,strict,all_donors,0.2943606358205933,-9.463439628112685,0.5767775776069913,84,rosmap_to_seaad_mtg,5
B1,strict,test_donors,0.4155844155844155,-8.626171615291696,0.7253335964804549,21,rosmap_to_seaad_mtg,5
B1,refit,test_donors,0.5376623376623377,-0.0242766743424533,0.263127440275512,21,rosmap_to_seaad_mtg,5
B2,strict,all_donors,0.4747797914346461,-0.1551843820745309,0.2514979264415478,84,rosmap_to_seaad_mtg,5
B2,strict,test_donors,0.5909090909090908,-0.0451909586249874,0.2697736768452526,21,rosmap_to_seaad_mtg,5
B2,refit,test_donors,0.648051948051948,0.2511204347580666,0.2317840392921302,21,rosmap_to_seaad_mtg,5
T0,strict,all_donors,0.2412270932469373,-10.0279618025412,0.6365991158836383,84,rosmap_to_seaad_mtg,5
T0,strict,test_donors,0.3064935064935065,-9.948480369345694,0.7347781491741943,21,rosmap_to_seaad_mtg,5
T0,refit,test_donors,0.5025974025974026,0.2354966853806452,0.2335975728371429,21,rosmap_to_seaad_mtg,5
T1,strict,all_donors,0.1758833653943505,-7.83358924548634,0.6015774980366516,84,rosmap_to_seaad_mtg,5
T1,strict,test_donors,0.0519480519480519,-6.625551501720382,0.7025499683262125,21,rosmap_to_seaad_mtg,5
T1,refit,test_donors,0.4818181818181817,0.1670331490535372,0.2385143926253037,21,rosmap_to_seaad_mtg,5
T2,strict,all_donors,0.2521210893996152,-6.694256018995351,0.579182458365672,84,rosmap_to_seaad_mtg,5
T2,strict,test_donors,0.187012987012987,-5.147050290441365,0.6536074280085463,21,rosmap_to_seaad_mtg,5
T2,refit,test_donors,0.4779220779220779,0.206583549996155,0.2361274208142816,21,rosmap_to_seaad_mtg,5
T3,strict,all_donors,0.2234281664473018,-6.260366723628157,0.553407191195428,84,rosmap_to_seaad_mtg,5
T3,strict,test_donors,0.1701298701298701,-4.1293393709461474,0.5480700880284337,21,rosmap_to_seaad_mtg,5
T3,refit,test_donors,0.4909090909090909,0.2025071589640732,0.2455751318813905,21,rosmap_to_seaad_mtg,5
N1,strict,all_donors,0.1381796091930748,-3.676746001902739,0.4583137479506006,84,rosmap_to_seaad_mtg,5
N1,strict,test_donors,0.2727272727272727,-1.6937006121889646,0.4114235103792332,21,rosmap_to_seaad_mtg,5
N1,refit,test_donors,0.2415584415584415,-0.0006251625605153,0.2624669571372222,21,rosmap_to_seaad_mtg,5
N2,strict,all_donors,0.2440214640072897,-6.51021353236953,0.5490818561472774,84,rosmap_to_seaad_mtg,5
N2,strict,test_donors,0.1818181818181818,-5.607595256674556,0.6045162037330554,21,rosmap_to_seaad_mtg,5
N2,refit,test_donors,0.5181818181818182,0.2781958893941053,0.2233385207194773,21,rosmap_to_seaad_mtg,5
B0,strict,all_donors,-0.0522290352196954,-0.4187746406061268,0.680148257060094,111,seaad_mtg_to_rosmap,3
B0,strict,test_donors,-0.120214508185042,-0.696257687689098,0.8675243215901511,28,seaad_mtg_to_rosmap,3
B0,refit,test_donors,-0.120214508185042,-0.0765118475147728,0.7969945945910045,28,seaad_mtg_to_rosmap,3
B1,strict,all_donors,0.2256863330694194,0.0321453942229195,0.6848883835582046,111,seaad_mtg_to_rosmap,3
B1,strict,test_donors,0.0459709987899376,-0.0187796414407437,0.7893912834780556,28,seaad_mtg_to_rosmap,3
B1,refit,test_donors,0.2875383491192278,-0.1711421536929487,0.8018103508012635,28,seaad_mtg_to_rosmap,3
B2,strict,all_donors,0.4003637443514682,0.0836859391553479,0.6697597041860357,111,seaad_mtg_to_rosmap,3
B2,strict,test_donors,0.3059853104171008,0.0036604059598305,0.7829401876245227,28,seaad_mtg_to_rosmap,3
B2,refit,test_donors,0.3484426022931579,-0.0477821747799782,0.7561788974063737,28,seaad_mtg_to_rosmap,3
T0,strict,all_donors,0.09907335572963,-0.0556945713114152,0.6887208105207564,111,seaad_mtg_to_rosmap,3
T0,strict,test_donors,0.0430429096950371,-0.1958460178929513,0.8273742273449898,28,seaad_mtg_to_rosmap,3
T0,refit,test_donors,0.1300071558135816,-0.0664654682990699,0.8394585783992495,28,seaad_mtg_to_rosmap,3
T1,strict,all_donors,0.0630466809188554,-0.0782888996728707,0.6930909240031028,111,seaad_mtg_to_rosmap,3
T1,strict,test_donors,-0.0111267385606218,-0.2135181603881959,0.8309419485075134,28,seaad_mtg_to_rosmap,3
T1,refit,test_donors,0.1587024289436064,-0.0532303949667216,0.8096544912883213,28,seaad_mtg_to_rosmap,3
T2,strict,all_donors,0.1323287478626527,-0.0343256448665472,0.6823679635653624,111,seaad_mtg_to_rosmap,3
T2,strict,test_donors,0.0764231253769027,-0.1692989606939838,0.8186692382608142,28,seaad_mtg_to_rosmap,3
T2,refit,test_donors,0.216678593022636,0.0461087141252395,0.798252495271819,28,seaad_mtg_to_rosmap,3
T3,strict,all_donors,0.1202909887311679,-0.0488996723817021,0.68407357705606,111,seaad_mtg_to_rosmap,3
T3,strict,test_donors,0.0682244759111813,-0.1848503516575865,0.822025037237576,28,seaad_mtg_to_rosmap,3
T3,refit,test_donors,-0.1065824430543777,-0.1929982785463839,0.8817019611597061,28,seaad_mtg_to_rosmap,3
N1,strict,all_donors,0.2612799949617952,0.0643933486063946,0.6812964473758731,111,seaad_mtg_to_rosmap,3
N1,strict,test_donors,0.3683536081384812,0.0767409611701432,0.752401739358902,28,seaad_mtg_to_rosmap,3
N1,refit,test_donors,0.2652848719979842,-0.1800523254644577,0.7964173832109996,28,seaad_mtg_to_rosmap,3
N2,strict,all_donors,0.0965618808029173,-0.0856699816453403,0.6886910857918026,111,seaad_mtg_to_rosmap,3
N2,strict,test_donors,0.1314712003610318,-0.2186618207741557,0.8275719625609261,28,seaad_mtg_to_rosmap,3
N2,refit,test_donors,0.1560671487581959,-0.0067343876994065,0.8068794320736613,28,seaad_mtg_to_rosmap,3
B0,strict,all_donors,0.0522290352196954,-0.3395245692046469,0.6926014592518678,111,seaad_mtg_to_rosmap,4
B0,strict,test_donors,-0.0358577448571105,-0.4097395013360472,0.7367637146796499,28,seaad_mtg_to_rosmap,4
B0,refit,test_donors,0.0358577448571105,-0.0610968689294761,0.6998542760099683,28,seaad_mtg_to_rosmap,4
B1,strict,all_donors,0.2748766005995155,-0.1904014579231243,0.7286299279144218,111,seaad_mtg_to_rosmap,4
B1,strict,test_donors,0.4355834252314573,-0.0047123755179012,0.6461660202060427,28,seaad_mtg_to_rosmap,4
B1,refit,test_donors,0.5807779003086098,0.1153367422482366,0.6109118419034141,28,seaad_mtg_to_rosmap,4
B2,strict,all_donors,0.4601195270904933,0.0574435182003535,0.6789584997537974,111,seaad_mtg_to_rosmap,4
B2,strict,test_donors,0.5025962598824507,0.0562089368199544,0.6663495174476078,28,seaad_mtg_to_rosmap,4
B2,refit,test_donors,0.5713725901821547,0.2710803613448119,0.5525277235678264,28,seaad_mtg_to_rosmap,4
T0,strict,all_donors,0.0533471915467238,-0.0391990785181939,0.698460362516008,111,seaad_mtg_to_rosmap,4
T0,strict,test_donors,0.3056725791097947,0.0589450589451637,0.6504540464707783,28,seaad_mtg_to_rosmap,4
T0,refit,test_donors,0.1986871764213665,-0.1698613195783271,0.7184346626911845,28,seaad_mtg_to_rosmap,4
T1,strict,all_donors,0.041309432415239,-0.0544037318974151,0.7009721766184042,111,seaad_mtg_to_rosmap,4
T1,strict,test_donors,0.2950916052175325,0.0341005083139135,0.6555308497377804,28,seaad_mtg_to_rosmap,4
T1,refit,test_donors,0.2116194778452424,-0.0290885584835294,0.6710739540202277,28,seaad_mtg_to_rosmap,4
T2,strict,all_donors,0.0541266147998415,-0.0595678040318967,0.7009749530671953,111,seaad_mtg_to_rosmap,4
T2,strict,test_donors,0.3380033326694844,0.0568461393052569,0.6445133707353047,28,seaad_mtg_to_rosmap,4
T2,refit,test_donors,0.0158714608383931,-0.1383504929381047,0.7310250816600663,28,seaad_mtg_to_rosmap,4
T3,strict,all_donors,0.067636617853882,-0.0686475671234516,0.7013143035205635,111,seaad_mtg_to_rosmap,4
T3,strict,test_donors,0.2421867357562219,0.0395954837896315,0.6468450714434896,28,seaad_mtg_to_rosmap,4
T3,refit,test_donors,0.2033898314845941,-0.0620056133744679,0.6871448797839028,28,seaad_mtg_to_rosmap,4
N1,strict,all_donors,0.1092058580201603,-0.0213244965286492,0.6944935064058047,111,seaad_mtg_to_rosmap,4
N1,strict,test_donors,0.144606643194249,-6.710293508427334e-05,0.6598538224186216,28,seaad_mtg_to_rosmap,4
N1,refit,test_donors,0.1945723532410423,-0.2183789081898706,0.7240461696471486,28,seaad_mtg_to_rosmap,4
N2,strict,all_donors,0.1320689401116134,-0.131550603046759,0.7102402964153806,111,seaad_mtg_to_rosmap,4
N2,strict,test_donors,0.2651121791894565,0.0319292710140163,0.6458908085312162,28,seaad_mtg_to_rosmap,4
N2,refit,test_donors,0.3744489094094984,-0.0183160502636532,0.6589467408401626,28,seaad_mtg_to_rosmap,4
B0,strict,all_donors,0.0522290352196954,-0.7299099981815655,0.6890950527814057,111,seaad_mtg_to_rosmap,5
B0,strict,test_donors,0.1264909959246488,-0.7970877783233707,0.7492051922849247,28,seaad_mtg_to_rosmap,5
B0,refit,test_donors,-0.1264909959246488,-0.0570751583831516,0.7149218576295036,28,seaad_mtg_to_rosmap,5
B1,strict,all_donors,0.2632718543864294,-0.94801720353094,0.922080500705822,111,seaad_mtg_to_rosmap,5
B1,strict,test_donors,0.3666643929978814,-0.8648190996286338,0.9074486110891614,28,seaad_mtg_to_rosmap,5
B1,refit,test_donors,0.4446655209200738,0.1852261300766323,0.5981749083314624,28,seaad_mtg_to_rosmap,5
B2,strict,all_donors,0.497445240656464,0.0802717997756442,0.6709762962014826,111,seaad_mtg_to_rosmap,5
B2,strict,test_donors,0.5377350485545079,0.072576771501685,0.6788481367485864,28,seaad_mtg_to_rosmap,5
B2,refit,test_donors,0.4399381798338803,0.1617063651611306,0.5793622710875103,28,seaad_mtg_to_rosmap,5
T0,strict,all_donors,0.1133627820367882,-0.0767980263960474,0.699237250529968,111,seaad_mtg_to_rosmap,5
T0,strict,test_donors,0.1048878803499177,-0.0187812710847565,0.6765043160745076,28,seaad_mtg_to_rosmap,5
T0,refit,test_donors,0.077114751468531,-0.076319275316314,0.7227249198726245,28,seaad_mtg_to_rosmap,5
T1,strict,all_donors,0.0712739263684314,-0.1259244341044647,0.7097542500710702,111,seaad_mtg_to_rosmap,5
T1,strict,test_donors,-0.0067955528114031,-0.0791410461866011,0.697759598493576,28,seaad_mtg_to_rosmap,5
T1,refit,test_donors,0.1630932674736749,-0.0003635459962381,0.7112399871860232,28,seaad_mtg_to_rosmap,5
T2,strict,all_donors,0.0588897569022276,-0.0418754694985992,0.7005978022609745,111,seaad_mtg_to_rosmap,5
T2,strict,test_donors,0.0200911996163222,-0.0345915369128415,0.7028824729578835,28,seaad_mtg_to_rosmap,5
T2,refit,test_donors,0.0144774820764675,-0.0998222561943225,0.738196366599628,28,seaad_mtg_to_rosmap,5
T3,strict,all_donors,0.1141422052899059,-0.0221862588302741,0.6927316186127362,111,seaad_mtg_to_rosmap,5
T3,strict,test_donors,0.1181835271548368,0.0042110497214921,0.688069190297808,28,seaad_mtg_to_rosmap,5
T3,refit,test_donors,-0.0517052931302411,-0.2475444478632065,0.7732160187193325,28,seaad_mtg_to_rosmap,5
N1,strict,all_donors,0.1528535601947526,-0.0311875041638045,0.6912537139278274,111,seaad_mtg_to_rosmap,5
N1,strict,test_donors,0.2836404651716085,0.0404275324877251,0.6615414023399353,28,seaad_mtg_to_rosmap,5
N1,refit,test_donors,0.4290062035720579,0.1714968727231657,0.6352745496800968,28,seaad_mtg_to_rosmap,5
N2,strict,all_donors,0.0836580958346351,-0.0546575200391665,0.6996315207567301,111,seaad_mtg_to_rosmap,5
N2,strict,test_donors,-0.0570235518522088,-0.0581582956988084,0.7051251551934651,28,seaad_mtg_to_rosmap,5
N2,refit,test_donors,0.1373883503174978,-0.0309362873882541,0.6961098238825798,28,seaad_mtg_to_rosmap,5
B0,strict,all_donors,0.2681200187529302,-0.1904890697844801,0.2402040017707233,80,seaad_mtg_to_seaad_pfc,0
B0,strict,test_donors,0.3578947368421052,-0.0473300046056708,0.1859390991910034,20,seaad_mtg_to_seaad_pfc,0
B0,refit,test_donors,0.3759398496240601,-0.0774283392829304,0.2068101389215942,20,seaad_mtg_to_seaad_pfc,0
B1,strict,all_donors,0.3443741209563994,-0.1024443162918742,0.242524047026124,80,seaad_mtg_to_seaad_pfc,0
B1,strict,test_donors,0.4075187969924811,0.1297397715626226,0.1883246917620865,20,seaad_mtg_to_seaad_pfc,0
B1,refit,test_donors,-0.144360902255639,-1.1118103994756985,0.2884257862168289,20,seaad_mtg_to_seaad_pfc,0
B2,strict,all_donors,0.7745428973277075,0.4664200647872184,0.174351713514184,80,seaad_mtg_to_seaad_pfc,0
B2,strict,test_donors,0.6796992481203006,0.3959294912333007,0.1530799999122787,20,seaad_mtg_to_seaad_pfc,0
B2,refit,test_donors,0.556390977443609,0.2394537477806378,0.1650257505353904,20,seaad_mtg_to_seaad_pfc,0
T0,strict,all_donors,0.2663853727144866,-0.0823005346861798,0.2403883880898122,80,seaad_mtg_to_seaad_pfc,0
T0,strict,test_donors,0.4451127819548871,0.1485744049129143,0.1681804557895408,20,seaad_mtg_to_seaad_pfc,0
T0,refit,test_donors,0.2526315789473684,-0.0754615422260633,0.2042471713348785,20,seaad_mtg_to_seaad_pfc,0
T1,strict,all_donors,0.2312236286919831,-0.1039663028930857,0.2322434920377959,80,seaad_mtg_to_seaad_pfc,0
T1,strict,test_donors,0.4511278195488721,0.1367032040639582,0.1728274640496612,20,seaad_mtg_to_seaad_pfc,0
T1,refit,test_donors,0.1714285714285714,-0.1398179138647755,0.2110427728816429,20,seaad_mtg_to_seaad_pfc,0
T2,strict,all_donors,0.2781762775433662,-0.0704345764049501,0.2370021331352863,80,seaad_mtg_to_seaad_pfc,0
T2,strict,test_donors,0.4330827067669173,0.1871769380852467,0.1695760404324279,20,seaad_mtg_to_seaad_pfc,0
T2,refit,test_donors,0.2345864661654134,-0.104293045535734,0.2143512017055908,20,seaad_mtg_to_seaad_pfc,0
T3,strict,all_donors,0.2156821378340365,-0.1098023314096428,0.2401485832478743,80,seaad_mtg_to_seaad_pfc,0
T3,strict,test_donors,0.3503759398496239,0.0953484697589902,0.174178915247892,20,seaad_mtg_to_seaad_pfc,0
T3,refit,test_donors,0.2902255639097744,-0.0940597875934436,0.2058300442024627,20,seaad_mtg_to_seaad_pfc,0
N1,strict,all_donors,0.3560712611345523,0.022218953889336,0.2226103139630394,80,seaad_mtg_to_seaad_pfc,0
N1,strict,test_donors,0.4616541353383458,0.2149037523956651,0.1716992499109169,20,seaad_mtg_to_seaad_pfc,0
N1,refit,test_donors,0.4436090225563909,0.0046009861499244,0.2068078847376114,20,seaad_mtg_to_seaad_pfc,0
N2,strict,all_donors,0.256516643225504,-0.0483663503760154,0.2384662101939087,80,seaad_mtg_to_seaad_pfc,0
N2,strict,test_donors,0.4421052631578947,0.07674825373487,0.1816472326969848,20,seaad_mtg_to_seaad_pfc,0
N2,refit,test_donors,0.2225563909774435,-0.1035808697962692,0.211848089747087,20,seaad_mtg_to_seaad_pfc,0
B0,strict,all_donors,0.2732536333802157,-0.1137086143203998,0.2469973239290857,80,seaad_mtg_to_seaad_pfc,1
B0,strict,test_donors,0.1593984962406014,-0.2708577414884692,0.2289528552938888,20,seaad_mtg_to_seaad_pfc,1
B0,refit,test_donors,0.2721804511278195,-0.1188474402197856,0.2206491767728965,20,seaad_mtg_to_seaad_pfc,1
B1,strict,all_donors,0.3359353023909986,-0.149852384054534,0.2456263566809292,80,seaad_mtg_to_seaad_pfc,1
B1,strict,test_donors,0.193984962406015,-0.3883798615927101,0.2383667927950904,20,seaad_mtg_to_seaad_pfc,1
B1,refit,test_donors,0.3338345864661654,-0.2786425688219098,0.2151738568403518,20,seaad_mtg_to_seaad_pfc,1
B2,strict,all_donors,0.7639240506329114,0.4456161506521811,0.1725203782530737,80,seaad_mtg_to_seaad_pfc,1
B2,strict,test_donors,0.5233082706766917,0.2546454669882304,0.1702227972698638,20,seaad_mtg_to_seaad_pfc,1
B2,refit,test_donors,0.3323308270676691,-0.4177236292760975,0.2490202992617728,20,seaad_mtg_to_seaad_pfc,1
T0,strict,all_donors,0.3016174402250352,0.0283698778868073,0.2273441928684806,80,seaad_mtg_to_seaad_pfc,1
T0,strict,test_donors,0.3413533834586466,0.0220162260372954,0.2108972566956299,20,seaad_mtg_to_seaad_pfc,1
T0,refit,test_donors,0.3157894736842105,-0.1462573578150645,0.2240634434305274,20,seaad_mtg_to_seaad_pfc,1
T1,strict,all_donors,0.3416549460853259,0.0507077042340704,0.2300884899351062,80,seaad_mtg_to_seaad_pfc,1
T1,strict,test_donors,0.1654135338345864,-0.0689377169230993,0.2242618459099548,20,seaad_mtg_to_seaad_pfc,1
T1,refit,test_donors,0.1744360902255639,-0.2533359742722532,0.2327499501787269,20,seaad_mtg_to_seaad_pfc,1
T2,strict,all_donors,0.2720581340834505,-0.0305437054981798,0.2319560244133157,80,seaad_mtg_to_seaad_pfc,1
T2,strict,test_donors,0.2496240601503759,-0.1358976670950848,0.2222139540699394,20,seaad_mtg_to_seaad_pfc,1
T2,refit,test_donors,0.2526315789473684,-0.242269894095358,0.2293564175434425,20,seaad_mtg_to_seaad_pfc,1
T3,strict,all_donors,0.2354430379746835,-0.0662417151697221,0.236272693289524,80,seaad_mtg_to_seaad_pfc,1
T3,strict,test_donors,0.2796992481203007,-0.1613313570725822,0.2237401500713966,20,seaad_mtg_to_seaad_pfc,1
T3,refit,test_donors,0.1999999999999999,-0.3264567035483905,0.2513358582921341,20,seaad_mtg_to_seaad_pfc,1
N1,strict,all_donors,0.3440225035161744,-0.5706443776534875,0.2887440375235044,80,seaad_mtg_to_seaad_pfc,1
N1,strict,test_donors,0.2090225563909774,-1.1197851442693838,0.3078115590603454,20,seaad_mtg_to_seaad_pfc,1
N1,refit,test_donors,0.0045112781954887,-1.2627969820846272,0.3148736062581566,20,seaad_mtg_to_seaad_pfc,1
N2,strict,all_donors,0.2899203000468823,-0.0359876506552658,0.2296817394235353,80,seaad_mtg_to_seaad_pfc,1
N2,strict,test_donors,0.3729323308270676,-0.0194263899466931,0.2144880476978691,20,seaad_mtg_to_seaad_pfc,1
N2,refit,test_donors,0.1323308270676691,-0.2752582455771848,0.2367762987680748,20,seaad_mtg_to_seaad_pfc,1
B0,strict,all_donors,0.2345757149554618,-0.1914615293969903,0.2462643302935276,80,seaad_mtg_to_seaad_pfc,2
B0,strict,test_donors,0.1458646616541353,-0.1146111483037684,0.2604325462557114,20,seaad_mtg_to_seaad_pfc,2
B0,refit,test_donors,0.3052631578947368,-0.0256341896917331,0.2413820560551575,20,seaad_mtg_to_seaad_pfc,2
B1,strict,all_donors,0.2790201593999062,-0.1045022830671922,0.237700151266016,80,seaad_mtg_to_seaad_pfc,2
B1,strict,test_donors,0.3187969924812029,-0.140228335212829,0.2477873869094932,20,seaad_mtg_to_seaad_pfc,2
B1,refit,test_donors,0.3278195488721804,-0.107399352289486,0.263788388686715,20,seaad_mtg_to_seaad_pfc,2
B2,strict,all_donors,0.7849976558837319,0.4741739348118509,0.1688682620430794,80,seaad_mtg_to_seaad_pfc,2
B2,strict,test_donors,0.8706766917293233,0.4722636056057082,0.1813525414955452,20,seaad_mtg_to_seaad_pfc,2
B2,refit,test_donors,0.706766917293233,0.4849678211154379,0.1759161045015915,20,seaad_mtg_to_seaad_pfc,2
T0,strict,all_donors,0.1996483825597749,-0.3165362792057016,0.2493789695370102,80,seaad_mtg_to_seaad_pfc,2
T0,strict,test_donors,0.075187969924812,-0.2401657069735314,0.2352458882546432,20,seaad_mtg_to_seaad_pfc,2
T0,refit,test_donors,0.2721804511278195,-0.0033173996377524,0.243379291551255,20,seaad_mtg_to_seaad_pfc,2
T1,strict,all_donors,0.2296999531176746,-0.3238328032244126,0.2489618209843406,80,seaad_mtg_to_seaad_pfc,2
T1,strict,test_donors,-0.0060150375939849,-0.3475097795529682,0.2436331385006988,20,seaad_mtg_to_seaad_pfc,2
T1,refit,test_donors,0.2496240601503759,0.0064590730671399,0.245449846674176,20,seaad_mtg_to_seaad_pfc,2
T2,strict,all_donors,0.2153774027191748,-0.3175247423487539,0.2475598428997669,80,seaad_mtg_to_seaad_pfc,2
T2,strict,test_donors,-0.0045112781954887,-0.3360033305866039,0.2402395791124275,20,seaad_mtg_to_seaad_pfc,2
T2,refit,test_donors,0.2045112781954887,-0.0273327326935823,0.2458791890349968,20,seaad_mtg_to_seaad_pfc,2
T3,strict,all_donors,0.1907876230661041,-0.419469519033846,0.2595535569020052,80,seaad_mtg_to_seaad_pfc,2
T3,strict,test_donors,-0.0496240601503759,-0.4470732314576295,0.2497135018637932,20,seaad_mtg_to_seaad_pfc,2
T3,refit,test_donors,0.2872180451127819,0.0140417760600136,0.2448515766468628,20,seaad_mtg_to_seaad_pfc,2
N1,strict,all_donors,0.256516643225504,-0.1983694629009591,0.2348879890940952,80,seaad_mtg_to_seaad_pfc,2
N1,strict,test_donors,0.0045112781954887,-0.3101057444100312,0.253892212453099,20,seaad_mtg_to_seaad_pfc,2
N1,refit,test_donors,0.2872180451127819,0.0069743321770031,0.2614820638730973,20,seaad_mtg_to_seaad_pfc,2
N2,strict,all_donors,0.3279887482419128,0.0576519982023221,0.223565058488636,80,seaad_mtg_to_seaad_pfc,2
N2,strict,test_donors,0.3593984962406014,0.1087204607830967,0.232206592934983,20,seaad_mtg_to_seaad_pfc,2
N2,refit,test_donors,0.0962406015037593,-0.0426012998742244,0.2584491287201355,20,seaad_mtg_to_seaad_pfc,2
