dim,level_key,tier,n_terms,n_docs,mean_cov,cap_chars,timeouts,elapsed_s
adnc,Not AD,0,10,20,0.18,1201,1,276.9
adnc,Low,1,9,20,0.217,1201,1,74.8
adnc,Intermediate,2,8,20,0.206,1200,0,18.8
adnc,High,3,9,20,0.178,1201,0,24.5
braak,Braak 0,0,10,20,0.185,1200,0,45.8
braak,Braak II,1,9,20,0.211,1201,0,44.3
braak,Braak III,1,9,20,0.211,1201,0,23.2
braak,Braak IV,2,8,20,0.219,1200,0,9.2
braak,Braak V,2,8,20,0.219,1200,0,8.8
braak,Braak VI,3,9,20,0.189,1201,0,10.7
cerad,Absent,0,9,20,0.156,1200,0,27.6
cerad,Sparse,1,8,20,0.263,1200,0,20.6
cerad,Moderate,2,7,20,0.164,1200,0,6.6
cerad,Frequent,3,8,20,0.144,1200,0,6.8
cognitive,No dementia,0,9,20,0.2,1201,2,87.2
cognitive,Dementia,3,8,20,0.144,1200,0,54.8
cps,CPS_Global_q0,0,9,20,0.133,1200,0,21.3
cps,CPS_Local_q0,0,9,20,0.133,1200,0,18.7
cps,CPS_Global_q1,1,8,20,0.212,1200,0,19.0
cps,CPS_Local_q1,1,8,20,0.212,1200,0,19.1
cps,CPS_Global_q2,2,7,20,0.143,1200,0,5.2
cps,CPS_Local_q2,2,7,20,0.143,1200,0,4.1
cps,CPS_Global_q3,3,8,20,0.125,1200,0,6.0
cps,CPS_Local_q3,3,8,20,0.125,1200,0,5.4
thal,Thal 0,0,10,20,0.135,1200,0,28.1
thal,Thal 1,1,9,20,0.206,1200,0,21.1
thal,Thal 2,1,9,20,0.206,1200,0,21.2
thal,Thal 3,2,8,20,0.138,1201,0,7.2
thal,Thal 4,2,8,20,0.138,1201,0,5.9
thal,Thal 5,3,9,20,0.122,1201,0,7.4
