arm,perm,perm_seed,rho,n_train_donors,n_test_donors
B2_readout_perm,0,400012,0.19809934453846306,83,28
B2_readout_perm,1,400013,0.12226903164391786,83,28
B2_readout_perm,2,400014,-0.20221416771878722,83,28
B2_readout_perm,3,400015,-0.1986871764213665,83,28
B2_readout_perm,4,400016,0.03409424920840017,83,28
B2_readout_perm,5,400017,-0.10698540268842813,83,28
B2_readout_perm,6,400018,-0.13931615624811794,83,28
B2_readout_perm,7,400019,0.0987557563277798,83,28
B2_readout_perm,8,400020,0.05172920569550371,83,28
B2_readout_perm,9,400021,0.047614382515179555,83,28
B2_readout_perm,10,400022,0.18222788370006987,83,28
B2_readout_perm,11,400023,-0.015283628955489733,83,28
B2_readout_perm,12,400024,0.02233761155033115,83,28
B2_readout_perm,13,400025,-0.14225531566263516,83,28
B2_readout_perm,14,400026,0.10404624327391086,83,28
B2_readout_perm,15,400027,-0.09699226067906945,83,28
B2_readout_perm,16,400028,0.35857744857110524,83,28
B2_readout_perm,17,400029,-0.11110022586875229,83,28
B2_readout_perm,18,400030,0.14637013884295935,83,28
B2_readout_perm,19,400031,0.3180170486507671,83,28
B2_readout_perm,20,400032,0.10404624327391086,83,28
B2_readout_perm,21,400033,0.16400509533006288,83,28
B2_readout_perm,22,400034,0.06936416218260724,83,28
B2_readout_perm,23,400035,0.1845792112316837,83,28
B2_readout_perm,24,400036,-0.012344469540972475,83,28
B2_readout_perm,25,400037,0.04408739121775884,83,28
B2_readout_perm,26,400038,-0.1651807590958698,83,28
B2_readout_perm,27,400039,-0.0041148231803241585,83,28
B2_readout_perm,28,400040,0.26158518789203583,83,28
B2_readout_perm,29,400041,-0.04114823180324159,83,28
B2_readout_perm,30,400042,-0.3215440399481878,83,28
B2_readout_perm,31,400043,0.1881062025291044,83,28
B2_readout_perm,32,400044,-0.2433623995220288,83,28
B2_readout_perm,33,400045,-0.18986969817781474,83,28
B2_readout_perm,34,400046,0.25159204588267714,83,28
B2_readout_perm,35,400047,-0.19339668947523547,83,28
B2_readout_perm,36,400048,0.0975800925619729,83,28
B2_readout_perm,37,400049,-0.09287743749874529,83,28
B2_readout_perm,38,400050,-0.21573430102556662,83,28
B2_readout_perm,39,400051,-0.44204957594339533,83,28
B2_readout_perm,40,400052,0.32330753559689823,83,28
B2_readout_perm,41,400053,-0.08582345490390389,83,28
B2_readout_perm,42,400054,0.0017634956487103538,83,28
B2_readout_perm,43,400055,0.07524248101164176,83,28
B2_readout_perm,44,400056,-0.1663564228616767,83,28
B2_readout_perm,45,400057,-0.01410796518968283,83,28
B2_readout_perm,46,400058,-0.03879690427162778,83,28
B2_readout_perm,47,400059,-0.15518761708651113,83,28
B2_readout_perm,48,400060,-0.2786323124962359,83,28
B2_readout_perm,49,400061,0.01763495648710354,83,28
B2_readout_perm,50,400062,-0.22925443433234596,83,28
B2_readout_perm,51,400063,-0.26570001107235997,83,28
B2_readout_perm,52,400064,0.4826099758637334,83,28
B2_readout_perm,53,400065,-0.0893504462013246,83,28
B2_readout_perm,54,400066,0.10287057950810395,83,28
B2_readout_perm,55,400067,-0.10110708385939361,83,28
B2_readout_perm,56,400068,0.16459292721296637,83,28
B2_readout_perm,57,400069,-0.13461350118489032,83,28
B2_readout_perm,58,400070,-0.20750465466491827,83,28
B2_readout_perm,59,400071,0.24512589517073916,83,28
B2_readout_perm,60,400072,0.0035269912974207076,83,28
B2_readout_perm,61,400073,-0.14049182001392485,83,28
B2_readout_perm,62,400074,-0.49083962222438177,83,28
B2_readout_perm,63,400075,0.20750465466491827,83,28
B2_readout_perm,64,400076,-0.27922014437913933,83,28
B2_readout_perm,65,400077,0.33388850948916027,83,28
B2_readout_perm,66,400078,-0.12226903164391786,83,28
B2_readout_perm,67,400079,-0.19809934453846306,83,28
B2_readout_perm,68,400080,-0.4467522310066229,83,28
B2_readout_perm,69,400081,-0.058195356407441674,83,28
B2_readout_perm,70,400082,-0.01763495648710354,83,28
B2_readout_perm,71,400083,-0.2457137270536426,83,28
B2_readout_perm,72,400084,0.10757323457133157,83,28
B2_readout_perm,73,400085,0.08112079984067627,83,28
B2_readout_perm,74,400086,-0.035857744857110525,83,28
B2_readout_perm,75,400087,-0.10816106645423504,83,28
B2_readout_perm,76,400088,0.15636328085231802,83,28
B2_readout_perm,77,400089,-0.05995885205615203,83,28
B2_readout_perm,78,400090,0.35857744857110524,83,28
B2_readout_perm,79,400091,-0.13872832436521448,83,28
B2_readout_perm,80,400092,-0.08229646360648318,83,28
B2_readout_perm,81,400093,-0.30861173852431184,83,28
B2_readout_perm,82,400094,0.02880376226226911,83,28
B2_readout_perm,83,400095,0.04996571004679336,83,28
B2_readout_perm,84,400096,0.10992456210294538,83,28
B2_readout_perm,85,400097,-0.03703340862291742,83,28
B2_readout_perm,86,400098,-0.14989713014038009,83,28
B2_readout_perm,87,400099,0.02939159414517256,83,28
B2_readout_perm,88,400100,0.10051925197649016,83,28
B2_readout_perm,89,400101,-0.27628098496462206,83,28
B2_readout_perm,90,400102,-0.14754580260876626,83,28
B2_readout_perm,91,400103,-0.23807191257589777,83,28
B2_readout_perm,92,400104,0.0805329679577728,83,28
B2_readout_perm,93,400105,-0.02704026661355876,83,28
B2_readout_perm,94,400106,0.264524347306553,83,28
B2_readout_perm,95,400107,-0.045850886866469195,83,28
B2_readout_perm,96,400108,-0.03350641732549672,83,28
B2_readout_perm,97,400109,-0.02939159414517256,83,28
B2_readout_perm,98,400110,0.1757617329881319,83,28
B2_readout_perm,99,400111,0.06760066653389687,83,28
