sweep_arm,encoder,region,CPS_Global,CPS_Global_ABeta,CPS_Global_pTau,CPS_Local,adnc_trajectory,braak_trajectory,cerad_trajectory,CPS_Global_sd,CPS_Global_ABeta_sd,CPS_Global_pTau_sd,CPS_Local_sd,adnc_trajectory_sd,braak_trajectory_sd,cerad_trajectory_sd
adnc,SapBERT-from-PubMedBERT-fulltext,MTG,0.579,,,0.587,,,,0.164,,,0.13,,,
adnc,SapBERT-from-PubMedBERT-fulltext,V1C,0.243,,,0.245,,,,0.281,,,0.334,,,
adnc,SapBERT-from-PubMedBERT-fulltext,all,0.514,0.258,0.535,,0.472,0.373,0.478,0.233,0.199,0.175,,0.149,0.242,0.06
adnc,all-MiniLM-L6-v2,MTG,0.551,,,0.558,,,,0.123,,,0.132,,,
adnc,all-MiniLM-L6-v2,V1C,0.305,,,0.431,,,,0.286,,,0.294,,,
adnc,all-MiniLM-L6-v2,all,0.517,0.203,0.617,,0.465,0.411,0.453,0.136,0.025,0.14,,0.097,0.159,0.037
adnc,pseudobulk_pca,all,0.214,,,,,0.451,,0.087,,,,,0.184,
adnc_shuffle,SapBERT-from-PubMedBERT-fulltext,MTG,0.482,,,0.5,,,,0.164,,,0.178,,,
adnc_shuffle,SapBERT-from-PubMedBERT-fulltext,V1C,0.015,,,0.012,,,,0.342,,,0.522,,,
adnc_shuffle,SapBERT-from-PubMedBERT-fulltext,all,0.315,0.213,0.374,,-0.028,-0.086,-0.067,0.277,0.226,0.241,,0.208,0.299,0.309
adnc_shuffle,all-MiniLM-L6-v2,MTG,0.533,,,0.544,,,,0.151,,,0.138,,,
adnc_shuffle,all-MiniLM-L6-v2,V1C,0.313,,,0.119,,,,0.421,,,0.295,,,
adnc_shuffle,all-MiniLM-L6-v2,all,0.416,0.201,0.506,,-0.058,-0.088,-0.045,0.157,0.185,0.17,,0.15,0.28,0.296
adnc_shuffle,pseudobulk_pca,all,0.214,,,,,0.451,,0.087,,,,,0.184,
sweep_braak,SapBERT-from-PubMedBERT-fulltext,MTG,0.565,,,0.629,,,,0.117,,,0.125,,,
sweep_braak,SapBERT-from-PubMedBERT-fulltext,V1C,0.238,,,0.224,,,,0.121,,,0.088,,,
sweep_braak,SapBERT-from-PubMedBERT-fulltext,all,0.481,0.14,0.605,,0.244,0.289,0.279,0.144,0.163,0.137,,0.38,0.357,0.33
sweep_braak,all-MiniLM-L6-v2,MTG,0.581,,,0.562,,,,0.16,,,0.154,,,
sweep_braak,all-MiniLM-L6-v2,V1C,0.347,,,0.376,,,,0.167,,,0.343,,,
sweep_braak,all-MiniLM-L6-v2,all,0.569,0.219,0.648,,0.403,0.381,0.477,0.07,0.121,0.07,,0.396,0.399,0.279
sweep_braak,pseudobulk_pca,all,0.214,,,,,0.451,,0.087,,,,,0.184,
sweep_braak_shuf,SapBERT-from-PubMedBERT-fulltext,MTG,0.428,,,0.457,,,,0.096,,,0.144,,,
sweep_braak_shuf,SapBERT-from-PubMedBERT-fulltext,V1C,-0.307,,,-0.136,,,,0.346,,,0.364,,,
sweep_braak_shuf,SapBERT-from-PubMedBERT-fulltext,all,0.342,0.226,0.362,,-0.151,-0.213,-0.044,0.161,0.01,0.276,,0.101,0.162,0.092
sweep_braak_shuf,all-MiniLM-L6-v2,MTG,0.377,,,0.396,,,,0.196,,,0.302,,,
sweep_braak_shuf,all-MiniLM-L6-v2,V1C,-0.274,,,-0.187,,,,0.122,,,0.103,,,
sweep_braak_shuf,all-MiniLM-L6-v2,all,0.257,0.174,0.207,,-0.142,-0.222,-0.04,0.28,0.097,0.291,,0.061,0.087,0.045
sweep_braak_shuf,pseudobulk_pca,all,0.214,,,,,0.451,,0.087,,,,,0.184,
sweep_cerad,SapBERT-from-PubMedBERT-fulltext,MTG,0.611,,,0.639,,,,0.148,,,0.105,,,
sweep_cerad,SapBERT-from-PubMedBERT-fulltext,V1C,0.257,,,0.261,,,,0.253,,,0.308,,,
sweep_cerad,SapBERT-from-PubMedBERT-fulltext,all,0.517,0.171,0.601,,0.623,0.466,0.627,0.06,0.05,0.136,,0.187,0.182,0.161
sweep_cerad,all-MiniLM-L6-v2,MTG,0.573,,,0.613,,,,0.131,,,0.174,,,
sweep_cerad,all-MiniLM-L6-v2,V1C,0.312,,,0.286,,,,0.351,,,0.391,,,
sweep_cerad,all-MiniLM-L6-v2,all,0.554,0.225,0.596,,0.398,0.435,0.427,0.081,0.031,0.148,,0.049,0.224,0.067
sweep_cerad,pseudobulk_pca,all,0.214,,,,,0.451,,0.087,,,,,0.184,
sweep_cog,SapBERT-from-PubMedBERT-fulltext,MTG,0.645,,,0.683,,,,0.117,,,0.091,,,
sweep_cog,SapBERT-from-PubMedBERT-fulltext,V1C,0.661,,,0.476,,,,0.128,,,0.289,,,
sweep_cog,SapBERT-from-PubMedBERT-fulltext,all,0.619,0.227,0.637,,0.677,0.507,0.687,0.027,0.177,0.085,,0.104,0.089,0.117
sweep_cog,all-MiniLM-L6-v2,MTG,0.581,,,0.681,,,,0.131,,,0.132,,,
sweep_cog,all-MiniLM-L6-v2,V1C,0.246,,,-0.054,,,,0.218,,,0.276,,,
sweep_cog,all-MiniLM-L6-v2,all,0.563,0.313,0.582,,0.626,0.485,0.645,0.064,0.114,0.056,,0.114,0.112,0.168
sweep_cog,pseudobulk_pca,all,0.214,,,,,0.451,,0.087,,,,,0.184,
sweep_cog_shuf,SapBERT-from-PubMedBERT-fulltext,MTG,0.263,,,0.22,,,,0.077,,,0.059,,,
sweep_cog_shuf,SapBERT-from-PubMedBERT-fulltext,V1C,-0.005,,,0.102,,,,0.383,,,0.551,,,
sweep_cog_shuf,SapBERT-from-PubMedBERT-fulltext,all,0.245,0.021,0.367,,0.181,0.144,0.04,0.103,0.17,0.155,,0.119,0.333,0.375
sweep_cog_shuf,all-MiniLM-L6-v2,MTG,0.2,,,0.206,,,,0.159,,,0.195,,,
sweep_cog_shuf,all-MiniLM-L6-v2,V1C,-0.084,,,-0.102,,,,0.478,,,0.238,,,
sweep_cog_shuf,all-MiniLM-L6-v2,all,0.206,-0.042,0.243,,0.13,0.166,0.029,0.219,0.278,0.239,,0.116,0.293,0.334
sweep_cog_shuf,pseudobulk_pca,all,0.214,,,,,0.451,,0.087,,,,,0.184,
sweep_combo,SapBERT-from-PubMedBERT-fulltext,MTG,0.522,,,0.473,,,,0.11,,,0.034,,,
sweep_combo,SapBERT-from-PubMedBERT-fulltext,V1C,0.299,,,0.185,,,,0.228,,,0.374,,,
sweep_combo,SapBERT-from-PubMedBERT-fulltext,all,0.219,-0.029,0.513,,0.442,0.443,0.469,0.165,0.078,0.101,,0.182,0.178,0.219
sweep_combo,all-MiniLM-L6-v2,MTG,0.521,,,0.473,,,,0.116,,,0.098,,,
sweep_combo,all-MiniLM-L6-v2,V1C,0.364,,,0.289,,,,0.27,,,0.45,,,
sweep_combo,all-MiniLM-L6-v2,all,0.216,0.043,0.415,,0.45,0.384,0.469,0.246,0.124,0.167,,0.136,0.192,0.031
sweep_combo,pseudobulk_pca,all,0.214,,,,,0.451,,0.087,,,,,0.184,
sweep_cps_q3,SapBERT-from-PubMedBERT-fulltext,MTG,0.644,,,0.633,,,,0.117,,,0.135,,,
sweep_cps_q3,SapBERT-from-PubMedBERT-fulltext,V1C,0.243,,,0.256,,,,0.37,,,0.341,,,
sweep_cps_q3,SapBERT-from-PubMedBERT-fulltext,all,0.542,0.217,0.637,,0.045,0.073,0.066,0.218,0.118,0.093,,0.257,0.222,0.309
sweep_cps_q3,all-MiniLM-L6-v2,MTG,0.658,,,0.617,,,,0.146,,,0.179,,,
sweep_cps_q3,all-MiniLM-L6-v2,V1C,0.175,,,0.223,,,,0.403,,,0.411,,,
sweep_cps_q3,all-MiniLM-L6-v2,all,0.509,0.179,0.626,,0.131,0.181,0.176,0.149,0.082,0.154,,0.278,0.27,0.319
sweep_cps_q3,pseudobulk_pca,all,0.214,,,,,0.451,,0.087,,,,,0.184,
sweep_cps_q4,SapBERT-from-PubMedBERT-fulltext,MTG,0.617,,,0.604,,,,0.147,,,0.167,,,
sweep_cps_q4,SapBERT-from-PubMedBERT-fulltext,V1C,0.204,,,0.155,,,,0.157,,,0.269,,,
sweep_cps_q4,SapBERT-from-PubMedBERT-fulltext,all,0.518,0.235,0.561,,0.078,0.053,0.098,0.027,0.038,0.018,,0.312,0.146,0.357
sweep_cps_q4,all-MiniLM-L6-v2,MTG,0.576,,,0.584,,,,0.108,,,0.126,,,
sweep_cps_q4,all-MiniLM-L6-v2,V1C,0.445,,,0.301,,,,0.284,,,0.291,,,
sweep_cps_q4,all-MiniLM-L6-v2,all,0.603,0.242,0.612,,0.358,0.332,0.4,0.016,0.069,0.067,,0.115,0.052,0.042
sweep_cps_q4,pseudobulk_pca,all,0.214,,,,,0.451,,0.087,,,,,0.184,
sweep_cpsq4_shuf,SapBERT-from-PubMedBERT-fulltext,MTG,0.298,,,0.299,,,,0.131,,,0.109,,,
sweep_cpsq4_shuf,SapBERT-from-PubMedBERT-fulltext,V1C,0.12,,,0.206,,,,0.351,,,0.237,,,
sweep_cpsq4_shuf,SapBERT-from-PubMedBERT-fulltext,all,0.377,0.019,0.482,,-0.137,0.003,-0.04,0.056,0.342,0.1,,0.418,0.314,0.509
sweep_cpsq4_shuf,all-MiniLM-L6-v2,MTG,0.323,,,0.358,,,,0.281,,,0.293,,,
sweep_cpsq4_shuf,all-MiniLM-L6-v2,V1C,0.001,,,0.226,,,,0.361,,,0.478,,,
sweep_cpsq4_shuf,all-MiniLM-L6-v2,all,0.361,0.162,0.439,,0.341,0.342,0.056,0.32,0.323,0.251,,0.296,0.256,0.638
sweep_cpsq4_shuf,pseudobulk_pca,all,0.214,,,,,0.451,,0.087,,,,,0.184,
sweep_thal,SapBERT-from-PubMedBERT-fulltext,MTG,0.43,,,0.445,,,,0.123,,,0.098,,,
sweep_thal,SapBERT-from-PubMedBERT-fulltext,V1C,0.088,,,0.057,,,,0.313,,,0.35,,,
sweep_thal,SapBERT-from-PubMedBERT-fulltext,all,0.323,0.13,0.381,,0.062,0.104,0.143,0.125,0.036,0.207,,0.198,0.11,0.089
sweep_thal,all-MiniLM-L6-v2,MTG,0.432,,,0.465,,,,0.101,,,0.128,,,
sweep_thal,all-MiniLM-L6-v2,V1C,0.085,,,0.067,,,,0.271,,,0.369,,,
sweep_thal,all-MiniLM-L6-v2,all,0.342,0.133,0.413,,0.228,0.11,0.187,0.134,0.043,0.127,,0.146,0.041,0.068
sweep_thal,pseudobulk_pca,all,0.214,,,,,0.451,,0.087,,,,,0.184,
