sweep_arm,arm,target,rho,n_test,cell_f1_zeroshot,cell_f1_probe,n_losses
adnc,pseudobulk_pca,CPS_Global,0.2961038961038961,21.0,,,9.0
adnc,pseudobulk_pca,braak_trajectory,0.439684357501407,,,,9.0
adnc,pseudobulk_pca,CPS_Global,0.1233766233766233,21.0,,,9.0
adnc,pseudobulk_pca,braak_trajectory,0.2735879141808546,,,,9.0
adnc,pseudobulk_pca,CPS_Global,0.222077922077922,21.0,,,9.0
adnc,pseudobulk_pca,braak_trajectory,0.6406993939726258,,,,9.0
adnc,type_llm_SapBERT-from-PubMedBERT-fulltext,CPS_Global,0.2935064935064935,21.0,,,9.0
adnc,type_llm_SapBERT-from-PubMedBERT-fulltext,CPS_Global_pTau,0.4038961038961038,21.0,,,9.0
adnc,type_llm_SapBERT-from-PubMedBERT-fulltext,CPS_Global_ABeta,0.0922077922077922,21.0,,,9.0
adnc,type_llm_SapBERT-from-PubMedBERT-fulltext,braak_trajectory,0.1882332063616686,,,,9.0
adnc,type_llm_SapBERT-from-PubMedBERT-fulltext,cerad_trajectory,0.4090767826223534,,,,9.0
adnc,type_llm_SapBERT-from-PubMedBERT-fulltext,adnc_trajectory,0.325122960951581,,,,9.0
adnc,type_llm_SapBERT-from-PubMedBERT-fulltext@MTG,CPS_Local,0.6012987012987013,21.0,,,9.0
adnc,type_llm_SapBERT-from-PubMedBERT-fulltext@MTG,CPS_Global,0.5571428571428572,21.0,,,9.0
adnc,type_llm_SapBERT-from-PubMedBERT-fulltext@V1C,CPS_Local,-0.1272727272727273,11.0,,,9.0
adnc,type_llm_SapBERT-from-PubMedBERT-fulltext@V1C,CPS_Global,-0.0727272727272727,11.0,,,9.0
adnc,type_llm_all-MiniLM-L6-v2,CPS_Global,0.3922077922077922,21.0,,,9.0
adnc,type_llm_all-MiniLM-L6-v2,CPS_Global_pTau,0.551948051948052,21.0,,,9.0
adnc,type_llm_all-MiniLM-L6-v2,CPS_Global_ABeta,0.174025974025974,21.0,,,9.0
adnc,type_llm_all-MiniLM-L6-v2,braak_trajectory,0.2578439770161725,,,,9.0
adnc,type_llm_all-MiniLM-L6-v2,cerad_trajectory,0.4158272245798179,,,,9.0
adnc,type_llm_all-MiniLM-L6-v2,adnc_trajectory,0.3851241940885681,,,,9.0
adnc,type_llm_all-MiniLM-L6-v2@MTG,CPS_Local,0.6207792207792208,21.0,,,9.0
adnc,type_llm_all-MiniLM-L6-v2@MTG,CPS_Global,0.5636363636363637,21.0,,,9.0
adnc,type_llm_all-MiniLM-L6-v2@V1C,CPS_Local,0.2181818181818182,11.0,,,9.0
adnc,type_llm_all-MiniLM-L6-v2@V1C,CPS_Global,-0.009090909090909,11.0,,,9.0
adnc,type_llm_SapBERT-from-PubMedBERT-fulltext,CPS_Global,0.4922077922077922,21.0,,,9.0
adnc,type_llm_SapBERT-from-PubMedBERT-fulltext,CPS_Global_pTau,0.4688311688311688,21.0,,,9.0
adnc,type_llm_SapBERT-from-PubMedBERT-fulltext,CPS_Global_ABeta,0.2025974025974026,21.0,,,9.0
adnc,type_llm_SapBERT-from-PubMedBERT-fulltext,braak_trajectory,0.2838218760579439,,,,9.0
adnc,type_llm_SapBERT-from-PubMedBERT-fulltext,cerad_trajectory,0.506325429062614,,,,9.0
adnc,type_llm_SapBERT-from-PubMedBERT-fulltext,adnc_trajectory,0.4674715508392583,,,,9.0
adnc,type_llm_SapBERT-from-PubMedBERT-fulltext@MTG,CPS_Local,0.4493506493506493,21.0,,,9.0
adnc,type_llm_SapBERT-from-PubMedBERT-fulltext@MTG,CPS_Global,0.4272727272727272,21.0,,,9.0
adnc,type_llm_SapBERT-from-PubMedBERT-fulltext@V1C,CPS_Local,0.3454545454545455,11.0,,,9.0
adnc,type_llm_SapBERT-from-PubMedBERT-fulltext@V1C,CPS_Global,0.3363636363636363,11.0,,,9.0
adnc,type_llm_all-MiniLM-L6-v2,CPS_Global,0.4974025974025974,21.0,,,9.0
adnc,type_llm_all-MiniLM-L6-v2,CPS_Global_pTau,0.5220779220779221,21.0,,,9.0
adnc,type_llm_all-MiniLM-L6-v2,CPS_Global_ABeta,0.2155844155844156,21.0,,,9.0
adnc,type_llm_all-MiniLM-L6-v2,braak_trajectory,0.4004890414567622,,,,9.0
adnc,type_llm_all-MiniLM-L6-v2,cerad_trajectory,0.4519323789909008,,,,9.0
adnc,type_llm_all-MiniLM-L6-v2,adnc_trajectory,0.4365359335043074,,,,9.0
adnc,type_llm_all-MiniLM-L6-v2@MTG,CPS_Local,0.4064935064935064,21.0,,,9.0
adnc,type_llm_all-MiniLM-L6-v2@MTG,CPS_Global,0.422077922077922,21.0,,,9.0
adnc,type_llm_all-MiniLM-L6-v2@V1C,CPS_Local,0.3090909090909091,11.0,,,9.0
adnc,type_llm_all-MiniLM-L6-v2@V1C,CPS_Global,0.3727272727272728,11.0,,,9.0
adnc,type_llm_SapBERT-from-PubMedBERT-fulltext,CPS_Global,0.7571428571428571,21.0,,,9.0
adnc,type_llm_SapBERT-from-PubMedBERT-fulltext,CPS_Global_pTau,0.7337662337662337,21.0,,,9.0
adnc,type_llm_SapBERT-from-PubMedBERT-fulltext,CPS_Global_ABeta,0.4779220779220779,21.0,,,9.0
adnc,type_llm_SapBERT-from-PubMedBERT-fulltext,braak_trajectory,0.6468797739787925,,,,9.0
adnc,type_llm_SapBERT-from-PubMedBERT-fulltext,cerad_trajectory,0.5197840307247724,,,,9.0
adnc,type_llm_SapBERT-from-PubMedBERT-fulltext,adnc_trajectory,0.6221052284782641,,,,9.0
adnc,type_llm_SapBERT-from-PubMedBERT-fulltext@MTG,CPS_Local,0.7090909090909091,21.0,,,9.0
adnc,type_llm_SapBERT-from-PubMedBERT-fulltext@MTG,CPS_Global,0.7532467532467532,21.0,,,9.0
adnc,type_llm_SapBERT-from-PubMedBERT-fulltext@V1C,CPS_Local,0.5166666666666667,9.0,,,9.0
adnc,type_llm_SapBERT-from-PubMedBERT-fulltext@V1C,CPS_Global,0.4666666666666666,9.0,,,9.0
adnc,type_llm_all-MiniLM-L6-v2,CPS_Global,0.6623376623376622,21.0,,,9.0
adnc,type_llm_all-MiniLM-L6-v2,CPS_Global_pTau,0.7779220779220779,21.0,,,9.0
adnc,type_llm_all-MiniLM-L6-v2,CPS_Global_ABeta,0.2181818181818181,21.0,,,9.0
adnc,type_llm_all-MiniLM-L6-v2,braak_trajectory,0.5747753405735131,,,,9.0
adnc,type_llm_all-MiniLM-L6-v2,cerad_trajectory,0.4907571303076747,,,,9.0
adnc,type_llm_all-MiniLM-L6-v2,adnc_trajectory,0.5721146297612608,,,,9.0
adnc,type_llm_all-MiniLM-L6-v2@MTG,CPS_Local,0.6467532467532467,21.0,,,9.0
adnc,type_llm_all-MiniLM-L6-v2@MTG,CPS_Global,0.6675324675324676,21.0,,,9.0
adnc,type_llm_all-MiniLM-L6-v2@V1C,CPS_Local,0.7666666666666667,9.0,,,9.0
adnc,type_llm_all-MiniLM-L6-v2@V1C,CPS_Global,0.5499999999999999,9.0,,,9.0
adnc_shuffle,pseudobulk_pca,CPS_Global,0.2961038961038961,21.0,,,9.0
adnc_shuffle,pseudobulk_pca,braak_trajectory,0.439684357501407,,,,9.0
adnc_shuffle,pseudobulk_pca,CPS_Global,0.1233766233766233,21.0,,,9.0
adnc_shuffle,pseudobulk_pca,braak_trajectory,0.2735879141808546,,,,9.0
adnc_shuffle,pseudobulk_pca,CPS_Global,0.222077922077922,21.0,,,9.0
adnc_shuffle,pseudobulk_pca,braak_trajectory,0.6406993939726258,,,,9.0
adnc_shuffle,type_llm_SapBERT-from-PubMedBERT-fulltext,CPS_Global,-0.0051948051948051,21.0,,,9.0
adnc_shuffle,type_llm_SapBERT-from-PubMedBERT-fulltext,CPS_Global_pTau,0.0987012987012987,21.0,,,9.0
adnc_shuffle,type_llm_SapBERT-from-PubMedBERT-fulltext,CPS_Global_ABeta,-0.0467532467532467,21.0,,,9.0
adnc_shuffle,type_llm_SapBERT-from-PubMedBERT-fulltext,braak_trajectory,-0.4311605896661617,,,,9.0
adnc_shuffle,type_llm_SapBERT-from-PubMedBERT-fulltext,cerad_trajectory,-0.4117769594053392,,,,9.0
adnc_shuffle,type_llm_SapBERT-from-PubMedBERT-fulltext,adnc_trajectory,-0.2469818201220164,,,,9.0
adnc_shuffle,type_llm_SapBERT-from-PubMedBERT-fulltext@MTG,CPS_Local,0.3285714285714285,21.0,,,9.0
adnc_shuffle,type_llm_SapBERT-from-PubMedBERT-fulltext@MTG,CPS_Global,0.3142857142857143,21.0,,,9.0
adnc_shuffle,type_llm_SapBERT-from-PubMedBERT-fulltext@V1C,CPS_Local,-0.5818181818181819,11.0,,,9.0
adnc_shuffle,type_llm_SapBERT-from-PubMedBERT-fulltext@V1C,CPS_Global,-0.1818181818181818,11.0,,,9.0
adnc_shuffle,type_llm_all-MiniLM-L6-v2,CPS_Global,0.2402597402597402,21.0,,,9.0
adnc_shuffle,type_llm_all-MiniLM-L6-v2,CPS_Global_pTau,0.3493506493506493,21.0,,,9.0
adnc_shuffle,type_llm_all-MiniLM-L6-v2,CPS_Global_ABeta,-0.0116883116883116,21.0,,,9.0
adnc_shuffle,type_llm_all-MiniLM-L6-v2,braak_trajectory,-0.4055892861604256,,,,9.0
adnc_shuffle,type_llm_all-MiniLM-L6-v2,cerad_trajectory,-0.3577734237456225,,,,9.0
adnc_shuffle,type_llm_all-MiniLM-L6-v2,adnc_trajectory,-0.1855852094702157,,,,9.0
adnc_shuffle,type_llm_all-MiniLM-L6-v2@MTG,CPS_Local,0.448051948051948,21.0,,,9.0
adnc_shuffle,type_llm_all-MiniLM-L6-v2@MTG,CPS_Global,0.4155844155844155,21.0,,,9.0
adnc_shuffle,type_llm_all-MiniLM-L6-v2@V1C,CPS_Local,-0.2,11.0,,,9.0
adnc_shuffle,type_llm_all-MiniLM-L6-v2@V1C,CPS_Global,-0.0272727272727272,11.0,,,9.0
adnc_shuffle,type_llm_SapBERT-from-PubMedBERT-fulltext,CPS_Global,0.4766233766233766,21.0,,,9.0
adnc_shuffle,type_llm_SapBERT-from-PubMedBERT-fulltext,CPS_Global_pTau,0.4766233766233766,21.0,,,9.0
adnc_shuffle,type_llm_SapBERT-from-PubMedBERT-fulltext,CPS_Global_ABeta,0.3623376623376623,21.0,,,9.0
adnc_shuffle,type_llm_SapBERT-from-PubMedBERT-fulltext,braak_trajectory,0.0859652797675503,,,,9.0
adnc_shuffle,type_llm_SapBERT-from-PubMedBERT-fulltext,cerad_trajectory,0.0275322846042005,,,,9.0
adnc_shuffle,type_llm_SapBERT-from-PubMedBERT-fulltext,adnc_trajectory,0.166364875445736,,,,9.0
adnc_shuffle,type_llm_SapBERT-from-PubMedBERT-fulltext@MTG,CPS_Local,0.4883116883116883,21.0,,,9.0
adnc_shuffle,type_llm_SapBERT-from-PubMedBERT-fulltext@MTG,CPS_Global,0.4909090909090909,21.0,,,9.0
adnc_shuffle,type_llm_SapBERT-from-PubMedBERT-fulltext@V1C,CPS_Local,0.4000000000000001,11.0,,,9.0
adnc_shuffle,type_llm_SapBERT-from-PubMedBERT-fulltext@V1C,CPS_Global,0.4090909090909091,11.0,,,9.0
adnc_shuffle,type_llm_all-MiniLM-L6-v2,CPS_Global,0.4675324675324674,21.0,,,9.0
adnc_shuffle,type_llm_all-MiniLM-L6-v2,CPS_Global_pTau,0.4818181818181817,21.0,,,9.0
adnc_shuffle,type_llm_all-MiniLM-L6-v2,CPS_Global_ABeta,0.3298701298701298,21.0,,,9.0
adnc_shuffle,type_llm_all-MiniLM-L6-v2,braak_trajectory,0.0170566031284822,,,,9.0
adnc_shuffle,type_llm_all-MiniLM-L6-v2,cerad_trajectory,-0.0087297487769416,,,,9.0
adnc_shuffle,type_llm_all-MiniLM-L6-v2,adnc_trajectory,0.1065560152648309,,,,9.0
adnc_shuffle,type_llm_all-MiniLM-L6-v2@MTG,CPS_Local,0.4818181818181817,21.0,,,9.0
adnc_shuffle,type_llm_all-MiniLM-L6-v2@MTG,CPS_Global,0.4805194805194805,21.0,,,9.0
adnc_shuffle,type_llm_all-MiniLM-L6-v2@V1C,CPS_Local,0.1727272727272727,11.0,,,9.0
adnc_shuffle,type_llm_all-MiniLM-L6-v2@V1C,CPS_Global,0.1818181818181818,11.0,,,9.0
adnc_shuffle,type_llm_SapBERT-from-PubMedBERT-fulltext,CPS_Global,0.4740259740259739,21.0,,,9.0
adnc_shuffle,type_llm_SapBERT-from-PubMedBERT-fulltext,CPS_Global_pTau,0.5467532467532468,21.0,,,9.0
adnc_shuffle,type_llm_SapBERT-from-PubMedBERT-fulltext,CPS_Global_ABeta,0.3246753246753247,21.0,,,9.0
adnc_shuffle,type_llm_SapBERT-from-PubMedBERT-fulltext,braak_trajectory,0.0865253200863353,,,,9.0
adnc_shuffle,type_llm_SapBERT-from-PubMedBERT-fulltext,cerad_trajectory,0.1836120212430365,,,,9.0
adnc_shuffle,type_llm_SapBERT-from-PubMedBERT-fulltext,adnc_trajectory,-0.0034715693553474,,,,9.0
adnc_shuffle,type_llm_SapBERT-from-PubMedBERT-fulltext@MTG,CPS_Local,0.6844155844155844,21.0,,,9.0
adnc_shuffle,type_llm_SapBERT-from-PubMedBERT-fulltext@MTG,CPS_Global,0.6415584415584416,21.0,,,9.0
adnc_shuffle,type_llm_SapBERT-from-PubMedBERT-fulltext@V1C,CPS_Local,0.2166666666666666,9.0,,,9.0
adnc_shuffle,type_llm_SapBERT-from-PubMedBERT-fulltext@V1C,CPS_Global,-0.1833333333333333,9.0,,,9.0
adnc_shuffle,type_llm_all-MiniLM-L6-v2,CPS_Global,0.5415584415584416,21.0,,,9.0
adnc_shuffle,type_llm_all-MiniLM-L6-v2,CPS_Global_pTau,0.6870129870129871,21.0,,,9.0
adnc_shuffle,type_llm_all-MiniLM-L6-v2,CPS_Global_ABeta,0.2844155844155844,21.0,,,9.0
adnc_shuffle,type_llm_all-MiniLM-L6-v2,braak_trajectory,0.1236076001233361,,,,9.0
adnc_shuffle,type_llm_all-MiniLM-L6-v2,cerad_trajectory,0.231540159141035,,,,9.0
adnc_shuffle,type_llm_all-MiniLM-L6-v2,adnc_trajectory,-0.0958153142075897,,,,9.0
adnc_shuffle,type_llm_all-MiniLM-L6-v2@MTG,CPS_Local,0.7012987012987012,21.0,,,9.0
adnc_shuffle,type_llm_all-MiniLM-L6-v2@MTG,CPS_Global,0.7038961038961039,21.0,,,9.0
adnc_shuffle,type_llm_all-MiniLM-L6-v2@V1C,CPS_Local,0.3833333333333333,9.0,,,9.0
adnc_shuffle,type_llm_all-MiniLM-L6-v2@V1C,CPS_Global,0.7833333333333333,9.0,,,9.0
sweep,,,,,,,
sweep_braak,pseudobulk_pca,CPS_Global,0.2961038961038961,21.0,,,9.0
sweep_braak,pseudobulk_pca,braak_trajectory,0.439684357501407,,,,9.0
sweep_braak,pseudobulk_pca,CPS_Global,0.1233766233766233,21.0,,,9.0
sweep_braak,pseudobulk_pca,braak_trajectory,0.2735879141808546,,,,9.0
sweep_braak,pseudobulk_pca,CPS_Global,0.222077922077922,21.0,,,9.0
sweep_braak,pseudobulk_pca,braak_trajectory,0.6406993939726258,,,,9.0
sweep_braak,type_llm_SapBERT-from-PubMedBERT-fulltext,CPS_Global,0.387012987012987,21.0,,,9.0
sweep_braak,type_llm_SapBERT-from-PubMedBERT-fulltext,CPS_Global_pTau,0.5727272727272726,21.0,,,9.0
sweep_braak,type_llm_SapBERT-from-PubMedBERT-fulltext,CPS_Global_ABeta,0.1051948051948051,21.0,,,9.0
sweep_braak,type_llm_SapBERT-from-PubMedBERT-fulltext,braak_trajectory,-0.1001542720641331,,,,9.0
sweep_braak,type_llm_SapBERT-from-PubMedBERT-fulltext,cerad_trajectory,-0.1019316735577151,,,,9.0
sweep_braak,type_llm_SapBERT-from-PubMedBERT-fulltext,adnc_trajectory,-0.1904690307720635,,,,9.0
sweep_braak,type_llm_SapBERT-from-PubMedBERT-fulltext@MTG,CPS_Local,0.6506493506493506,21.0,,,9.0
sweep_braak,type_llm_SapBERT-from-PubMedBERT-fulltext@MTG,CPS_Global,0.5753246753246753,21.0,,,9.0
sweep_braak,type_llm_SapBERT-from-PubMedBERT-fulltext@V1C,CPS_Local,0.2454545454545454,11.0,,,9.0
sweep_braak,type_llm_SapBERT-from-PubMedBERT-fulltext@V1C,CPS_Global,0.1090909090909091,11.0,,,9.0
sweep_braak,type_llm_all-MiniLM-L6-v2,CPS_Global,0.5441558441558442,21.0,,,9.0
sweep_braak,type_llm_all-MiniLM-L6-v2,CPS_Global_pTau,0.6155844155844156,21.0,,,9.0
sweep_braak,type_llm_all-MiniLM-L6-v2,CPS_Global_ABeta,0.0857142857142857,21.0,,,9.0
sweep_braak,type_llm_all-MiniLM-L6-v2,braak_trajectory,-0.060376688832988,,,,9.0
sweep_braak,type_llm_all-MiniLM-L6-v2,cerad_trajectory,0.1748364466983325,,,,9.0
sweep_braak,type_llm_all-MiniLM-L6-v2,adnc_trajectory,-0.0195352852073911,,,,9.0
sweep_braak,type_llm_all-MiniLM-L6-v2@MTG,CPS_Local,0.6519480519480519,21.0,,,9.0
sweep_braak,type_llm_all-MiniLM-L6-v2@MTG,CPS_Global,0.5987012987012986,21.0,,,9.0
sweep_braak,type_llm_all-MiniLM-L6-v2@V1C,CPS_Local,0.6727272727272727,11.0,,,9.0
sweep_braak,type_llm_all-MiniLM-L6-v2@V1C,CPS_Global,0.1545454545454545,11.0,,,9.0
sweep_braak,type_llm_SapBERT-from-PubMedBERT-fulltext,CPS_Global,0.4103896103896103,21.0,,,9.0
sweep_braak,type_llm_SapBERT-from-PubMedBERT-fulltext,CPS_Global_pTau,0.487012987012987,21.0,,,9.0
sweep_braak,type_llm_SapBERT-from-PubMedBERT-fulltext,CPS_Global_ABeta,-0.0025974025974025,21.0,,,9.0
sweep_braak,type_llm_SapBERT-from-PubMedBERT-fulltext,braak_trajectory,0.3650113069495192,,,,9.0
sweep_braak,type_llm_SapBERT-from-PubMedBERT-fulltext,cerad_trajectory,0.4781216253217256,,,,9.0
sweep_braak,type_llm_SapBERT-from-PubMedBERT-fulltext,adnc_trajectory,0.4083501488213522,,,,9.0
sweep_braak,type_llm_SapBERT-from-PubMedBERT-fulltext@MTG,CPS_Local,0.4935064935064934,21.0,,,9.0
sweep_braak,type_llm_SapBERT-from-PubMedBERT-fulltext@MTG,CPS_Global,0.4441558441558441,21.0,,,9.0
sweep_braak,type_llm_SapBERT-from-PubMedBERT-fulltext@V1C,CPS_Local,0.1272727272727273,11.0,,,9.0
sweep_braak,type_llm_SapBERT-from-PubMedBERT-fulltext@V1C,CPS_Global,0.2545454545454546,11.0,,,9.0
sweep_braak,type_llm_all-MiniLM-L6-v2,CPS_Global,0.5142857142857142,21.0,,,9.0
sweep_braak,type_llm_all-MiniLM-L6-v2,CPS_Global_pTau,0.6012987012987013,21.0,,,9.0
sweep_braak,type_llm_all-MiniLM-L6-v2,CPS_Global_ABeta,0.2493506493506493,21.0,,,9.0
sweep_braak,type_llm_all-MiniLM-L6-v2,braak_trajectory,0.4857720570991732,,,,9.0
sweep_braak,type_llm_all-MiniLM-L6-v2,cerad_trajectory,0.5298285988466875,,,,9.0
sweep_braak,type_llm_all-MiniLM-L6-v2,adnc_trajectory,0.4619718855352671,,,,9.0
sweep_braak,type_llm_all-MiniLM-L6-v2@MTG,CPS_Local,0.3844155844155844,21.0,,,9.0
sweep_braak,type_llm_all-MiniLM-L6-v2@MTG,CPS_Global,0.4129870129870129,21.0,,,9.0
sweep_braak,type_llm_all-MiniLM-L6-v2@V1C,CPS_Local,0.4545454545454545,11.0,,,9.0
sweep_braak,type_llm_all-MiniLM-L6-v2@V1C,CPS_Global,0.4545454545454545,11.0,,,9.0
sweep_braak,type_llm_SapBERT-from-PubMedBERT-fulltext,CPS_Global,0.6467532467532467,21.0,,,9.0
sweep_braak,type_llm_SapBERT-from-PubMedBERT-fulltext,CPS_Global_pTau,0.7545454545454545,21.0,,,9.0
sweep_braak,type_llm_SapBERT-from-PubMedBERT-fulltext,CPS_Global_ABeta,0.3181818181818181,21.0,,,9.0
sweep_braak,type_llm_SapBERT-from-PubMedBERT-fulltext,braak_trajectory,0.6015569872669027,,,,9.0
sweep_braak,type_llm_SapBERT-from-PubMedBERT-fulltext,cerad_trajectory,0.4597050973033377,,,,9.0
sweep_braak,type_llm_SapBERT-from-PubMedBERT-fulltext,adnc_trajectory,0.513097950720354,,,,9.0
sweep_braak,type_llm_SapBERT-from-PubMedBERT-fulltext@MTG,CPS_Local,0.7415584415584415,21.0,,,9.0
sweep_braak,type_llm_SapBERT-from-PubMedBERT-fulltext@MTG,CPS_Global,0.6766233766233766,21.0,,,9.0
sweep_braak,type_llm_SapBERT-from-PubMedBERT-fulltext@V1C,CPS_Local,0.3,9.0,,,9.0
sweep_braak,type_llm_SapBERT-from-PubMedBERT-fulltext@V1C,CPS_Global,0.35,9.0,,,9.0
sweep_braak,type_llm_all-MiniLM-L6-v2,CPS_Global,0.648051948051948,21.0,,,9.0
sweep_braak,type_llm_all-MiniLM-L6-v2,CPS_Global_pTau,0.7285714285714285,21.0,,,9.0
sweep_braak,type_llm_all-MiniLM-L6-v2,CPS_Global_ABeta,0.3220779220779221,21.0,,,9.0
sweep_braak,type_llm_all-MiniLM-L6-v2,braak_trajectory,0.7169240807153496,,,,9.0
sweep_braak,type_llm_all-MiniLM-L6-v2,cerad_trajectory,0.7256725104274421,,,,9.0
sweep_braak,type_llm_all-MiniLM-L6-v2,adnc_trajectory,0.7658281997896488,,,,9.0
sweep_braak,type_llm_all-MiniLM-L6-v2@MTG,CPS_Local,0.6493506493506493,21.0,,,9.0
sweep_braak,type_llm_all-MiniLM-L6-v2@MTG,CPS_Global,0.7311688311688312,21.0,,,9.0
sweep_braak,type_llm_all-MiniLM-L6-v2@V1C,CPS_Local,0.0,9.0,,,9.0
sweep_braak,type_llm_all-MiniLM-L6-v2@V1C,CPS_Global,0.4333333333333333,9.0,,,9.0
sweep_braak_shuf,pseudobulk_pca,CPS_Global,0.2961038961038961,21.0,,,9.0
sweep_braak_shuf,pseudobulk_pca,braak_trajectory,0.439684357501407,,,,9.0
sweep_braak_shuf,pseudobulk_pca,CPS_Global,0.1233766233766233,21.0,,,9.0
sweep_braak_shuf,pseudobulk_pca,braak_trajectory,0.2735879141808546,,,,9.0
sweep_braak_shuf,pseudobulk_pca,CPS_Global,0.222077922077922,21.0,,,9.0
sweep_braak_shuf,pseudobulk_pca,braak_trajectory,0.6406993939726258,,,,9.0
sweep_braak_shuf,type_llm_SapBERT-from-PubMedBERT-fulltext,CPS_Global,0.509090909090909,21.0,,,9.0
sweep_braak_shuf,type_llm_SapBERT-from-PubMedBERT-fulltext,CPS_Global_pTau,0.6636363636363637,21.0,,,9.0
sweep_braak_shuf,type_llm_SapBERT-from-PubMedBERT-fulltext,CPS_Global_ABeta,0.2142857142857142,21.0,,,9.0
sweep_braak_shuf,type_llm_SapBERT-from-PubMedBERT-fulltext,braak_trajectory,-0.2075368560887029,,,,9.0
sweep_braak_shuf,type_llm_SapBERT-from-PubMedBERT-fulltext,cerad_trajectory,-0.0164037628168375,,,,9.0
sweep_braak_shuf,type_llm_SapBERT-from-PubMedBERT-fulltext,adnc_trajectory,-0.0941095495165902,,,,9.0
sweep_braak_shuf,type_llm_SapBERT-from-PubMedBERT-fulltext@MTG,CPS_Local,0.5415584415584416,21.0,,,9.0
sweep_braak_shuf,type_llm_SapBERT-from-PubMedBERT-fulltext@MTG,CPS_Global,0.5025974025974026,21.0,,,9.0
sweep_braak_shuf,type_llm_SapBERT-from-PubMedBERT-fulltext@V1C,CPS_Local,0.1666666666666666,9.0,,,9.0
sweep_braak_shuf,type_llm_SapBERT-from-PubMedBERT-fulltext@V1C,CPS_Global,0.0833333333333333,9.0,,,9.0
sweep_braak_shuf,type_llm_all-MiniLM-L6-v2,CPS_Global,0.4974025974025974,21.0,,,9.0
sweep_braak_shuf,type_llm_all-MiniLM-L6-v2,CPS_Global_pTau,0.3896103896103896,21.0,,,9.0
sweep_braak_shuf,type_llm_all-MiniLM-L6-v2,CPS_Global_ABeta,0.2805194805194805,21.0,,,9.0
sweep_braak_shuf,type_llm_all-MiniLM-L6-v2,braak_trajectory,-0.2109728967524232,,,,9.0
sweep_braak_shuf,type_llm_all-MiniLM-L6-v2,cerad_trajectory,0.006151411056314,,,,9.0
sweep_braak_shuf,type_llm_all-MiniLM-L6-v2,adnc_trajectory,-0.0739432174773209,,,,9.0
sweep_braak_shuf,type_llm_all-MiniLM-L6-v2@MTG,CPS_Local,0.638961038961039,21.0,,,9.0
sweep_braak_shuf,type_llm_all-MiniLM-L6-v2@MTG,CPS_Global,0.5142857142857142,21.0,,,9.0
sweep_braak_shuf,type_llm_all-MiniLM-L6-v2@V1C,CPS_Local,-0.2666666666666666,9.0,,,9.0
sweep_braak_shuf,type_llm_all-MiniLM-L6-v2@V1C,CPS_Global,-0.3833333333333333,9.0,,,9.0
sweep_braak_shuf,type_llm_SapBERT-from-PubMedBERT-fulltext,CPS_Global,0.1883116883116883,21.0,,,9.0
sweep_braak_shuf,type_llm_SapBERT-from-PubMedBERT-fulltext,CPS_Global_pTau,0.1233766233766233,21.0,,,9.0
sweep_braak_shuf,type_llm_SapBERT-from-PubMedBERT-fulltext,CPS_Global_ABeta,0.2337662337662337,21.0,,,9.0
sweep_braak_shuf,type_llm_SapBERT-from-PubMedBERT-fulltext,braak_trajectory,-0.0529327778610922,,,,9.0
sweep_braak_shuf,type_llm_SapBERT-from-PubMedBERT-fulltext,cerad_trajectory,0.030901900030834,,,,9.0
sweep_braak_shuf,type_llm_SapBERT-from-PubMedBERT-fulltext,adnc_trajectory,-0.0907264708726554,,,,9.0
sweep_braak_shuf,type_llm_SapBERT-from-PubMedBERT-fulltext@MTG,CPS_Local,0.2909090909090909,21.0,,,9.0
sweep_braak_shuf,type_llm_SapBERT-from-PubMedBERT-fulltext@MTG,CPS_Global,0.3194805194805195,21.0,,,9.0
sweep_braak_shuf,type_llm_SapBERT-from-PubMedBERT-fulltext@V1C,CPS_Local,-0.0357142857142857,7.0,,,9.0
sweep_braak_shuf,type_llm_SapBERT-from-PubMedBERT-fulltext@V1C,CPS_Global,-0.4285714285714286,7.0,,,9.0
sweep_braak_shuf,type_llm_all-MiniLM-L6-v2,CPS_Global,-0.0506493506493506,21.0,,,9.0
sweep_braak_shuf,type_llm_all-MiniLM-L6-v2,CPS_Global_pTau,-0.1285714285714285,21.0,,,9.0
sweep_braak_shuf,type_llm_all-MiniLM-L6-v2,CPS_Global_ABeta,0.0896103896103896,21.0,,,9.0
sweep_braak_shuf,type_llm_all-MiniLM-L6-v2,braak_trajectory,-0.1404754489390525,,,,9.0
sweep_braak_shuf,type_llm_all-MiniLM-L6-v2,cerad_trajectory,-0.084465193417613,,,,9.0
sweep_braak_shuf,type_llm_all-MiniLM-L6-v2,adnc_trajectory,-0.1597085809576497,,,,9.0
sweep_braak_shuf,type_llm_all-MiniLM-L6-v2@MTG,CPS_Local,0.0584415584415584,21.0,,,9.0
sweep_braak_shuf,type_llm_all-MiniLM-L6-v2@MTG,CPS_Global,0.1532467532467532,21.0,,,9.0
sweep_braak_shuf,type_llm_all-MiniLM-L6-v2@V1C,CPS_Local,-0.0714285714285714,7.0,,,9.0
sweep_braak_shuf,type_llm_all-MiniLM-L6-v2@V1C,CPS_Global,-0.1428571428571428,7.0,,,9.0
sweep_braak_shuf,type_llm_SapBERT-from-PubMedBERT-fulltext,CPS_Global,0.3298701298701298,21.0,,,9.0
sweep_braak_shuf,type_llm_SapBERT-from-PubMedBERT-fulltext,CPS_Global_pTau,0.2987012987012987,21.0,,,9.0
sweep_braak_shuf,type_llm_SapBERT-from-PubMedBERT-fulltext,CPS_Global_ABeta,0.2298701298701298,21.0,,,9.0
sweep_braak_shuf,type_llm_SapBERT-from-PubMedBERT-fulltext,braak_trajectory,-0.377364849973432,,,,9.0
sweep_braak_shuf,type_llm_SapBERT-from-PubMedBERT-fulltext,cerad_trajectory,-0.1474186143322845,,,,9.0
sweep_braak_shuf,type_llm_SapBERT-from-PubMedBERT-fulltext,adnc_trajectory,-0.2668730946178111,,,,9.0
sweep_braak_shuf,type_llm_SapBERT-from-PubMedBERT-fulltext@MTG,CPS_Local,0.5389610389610389,21.0,,,9.0
sweep_braak_shuf,type_llm_SapBERT-from-PubMedBERT-fulltext@MTG,CPS_Global,0.4623376623376624,21.0,,,9.0
sweep_braak_shuf,type_llm_SapBERT-from-PubMedBERT-fulltext@V1C,CPS_Local,-0.5393939393939393,10.0,,,9.0
sweep_braak_shuf,type_llm_SapBERT-from-PubMedBERT-fulltext@V1C,CPS_Global,-0.5757575757575757,10.0,,,9.0
sweep_braak_shuf,type_llm_all-MiniLM-L6-v2,CPS_Global,0.3233766233766234,21.0,,,9.0
sweep_braak_shuf,type_llm_all-MiniLM-L6-v2,CPS_Global_pTau,0.3597402597402597,21.0,,,9.0
sweep_braak_shuf,type_llm_all-MiniLM-L6-v2,CPS_Global_ABeta,0.1519480519480519,21.0,,,9.0
sweep_braak_shuf,type_llm_all-MiniLM-L6-v2,braak_trajectory,-0.3142288077663386,,,,9.0
sweep_braak_shuf,type_llm_all-MiniLM-L6-v2,cerad_trajectory,-0.0427989525480825,,,,9.0
sweep_braak_shuf,type_llm_all-MiniLM-L6-v2,adnc_trajectory,-0.1921187263775279,,,,9.0
sweep_braak_shuf,type_llm_all-MiniLM-L6-v2@MTG,CPS_Local,0.4909090909090909,21.0,,,9.0
sweep_braak_shuf,type_llm_all-MiniLM-L6-v2@MTG,CPS_Global,0.464935064935065,21.0,,,9.0
sweep_braak_shuf,type_llm_all-MiniLM-L6-v2@V1C,CPS_Local,-0.2242424242424242,10.0,,,9.0
sweep_braak_shuf,type_llm_all-MiniLM-L6-v2@V1C,CPS_Global,-0.2969696969696969,10.0,,,9.0
sweep_cerad,pseudobulk_pca,CPS_Global,0.2961038961038961,21.0,,,9.0
sweep_cerad,pseudobulk_pca,braak_trajectory,0.439684357501407,,,,9.0
sweep_cerad,pseudobulk_pca,CPS_Global,0.1233766233766233,21.0,,,9.0
sweep_cerad,pseudobulk_pca,braak_trajectory,0.2735879141808546,,,,9.0
sweep_cerad,pseudobulk_pca,CPS_Global,0.222077922077922,21.0,,,9.0
sweep_cerad,pseudobulk_pca,braak_trajectory,0.6406993939726258,,,,9.0
sweep_cerad,type_llm_SapBERT-from-PubMedBERT-fulltext,CPS_Global,0.4519480519480519,21.0,,,9.0
sweep_cerad,type_llm_SapBERT-from-PubMedBERT-fulltext,CPS_Global_pTau,0.5155844155844156,21.0,,,9.0
sweep_cerad,type_llm_SapBERT-from-PubMedBERT-fulltext,CPS_Global_ABeta,0.1519480519480519,21.0,,,9.0
sweep_cerad,type_llm_SapBERT-from-PubMedBERT-fulltext,braak_trajectory,0.3963552043389097,,,,9.0
sweep_cerad,type_llm_SapBERT-from-PubMedBERT-fulltext,cerad_trajectory,0.6358916323931632,,,,9.0
sweep_cerad,type_llm_SapBERT-from-PubMedBERT-fulltext,adnc_trajectory,0.5400110982328834,,,,9.0
sweep_cerad,type_llm_SapBERT-from-PubMedBERT-fulltext@MTG,CPS_Local,0.6935064935064935,21.0,,,9.0
sweep_cerad,type_llm_SapBERT-from-PubMedBERT-fulltext@MTG,CPS_Global,0.6688311688311688,21.0,,,9.0
sweep_cerad,type_llm_SapBERT-from-PubMedBERT-fulltext@V1C,CPS_Local,0.0,11.0,,,9.0
sweep_cerad,type_llm_SapBERT-from-PubMedBERT-fulltext@V1C,CPS_Global,0.0363636363636363,11.0,,,9.0
sweep_cerad,type_llm_all-MiniLM-L6-v2,CPS_Global,0.4727272727272727,21.0,,,9.0
sweep_cerad,type_llm_all-MiniLM-L6-v2,CPS_Global_pTau,0.4909090909090909,21.0,,,9.0
sweep_cerad,type_llm_all-MiniLM-L6-v2,CPS_Global_ABeta,0.251948051948052,21.0,,,9.0
sweep_cerad,type_llm_all-MiniLM-L6-v2,braak_trajectory,0.4183749379132936,,,,9.0
sweep_cerad,type_llm_all-MiniLM-L6-v2,cerad_trajectory,0.4320282852777329,,,,9.0
sweep_cerad,type_llm_all-MiniLM-L6-v2,adnc_trajectory,0.4123340556274342,,,,9.0
sweep_cerad,type_llm_all-MiniLM-L6-v2@MTG,CPS_Local,0.7935064935064934,21.0,,,9.0
sweep_cerad,type_llm_all-MiniLM-L6-v2@MTG,CPS_Global,0.7051948051948052,21.0,,,9.0
sweep_cerad,type_llm_all-MiniLM-L6-v2@V1C,CPS_Local,-0.1272727272727273,11.0,,,9.0
sweep_cerad,type_llm_all-MiniLM-L6-v2@V1C,CPS_Global,-0.0727272727272727,11.0,,,9.0
sweep_cerad,type_llm_SapBERT-from-PubMedBERT-fulltext,CPS_Global,0.5285714285714286,21.0,,,9.0
sweep_cerad,type_llm_SapBERT-from-PubMedBERT-fulltext,CPS_Global_pTau,0.5298701298701299,21.0,,,9.0
sweep_cerad,type_llm_SapBERT-from-PubMedBERT-fulltext,CPS_Global_ABeta,0.1324675324675324,21.0,,,9.0
sweep_cerad,type_llm_SapBERT-from-PubMedBERT-fulltext,braak_trajectory,0.328851308317137,,,,9.0
sweep_cerad,type_llm_SapBERT-from-PubMedBERT-fulltext,cerad_trajectory,0.4606621277678425,,,,9.0
sweep_cerad,type_llm_SapBERT-from-PubMedBERT-fulltext,adnc_trajectory,0.4922200447072191,,,,9.0
sweep_cerad,type_llm_SapBERT-from-PubMedBERT-fulltext@MTG,CPS_Local,0.5181818181818182,21.0,,,9.0
sweep_cerad,type_llm_SapBERT-from-PubMedBERT-fulltext@MTG,CPS_Global,0.4428571428571428,21.0,,,9.0
sweep_cerad,type_llm_SapBERT-from-PubMedBERT-fulltext@V1C,CPS_Local,0.1818181818181818,11.0,,,9.0
sweep_cerad,type_llm_SapBERT-from-PubMedBERT-fulltext@V1C,CPS_Global,0.2,11.0,,,9.0
sweep_cerad,type_llm_all-MiniLM-L6-v2,CPS_Global,0.5545454545454546,21.0,,,9.0
sweep_cerad,type_llm_all-MiniLM-L6-v2,CPS_Global_pTau,0.5311688311688313,21.0,,,9.0
sweep_cerad,type_llm_all-MiniLM-L6-v2,CPS_Global_ABeta,0.2311688311688312,21.0,,,9.0
sweep_cerad,type_llm_all-MiniLM-L6-v2,braak_trajectory,0.2196890482948508,,,,9.0
sweep_cerad,type_llm_all-MiniLM-L6-v2,cerad_trajectory,0.3572481807179186,,,,9.0
sweep_cerad,type_llm_all-MiniLM-L6-v2,adnc_trajectory,0.3430416233364557,,,,9.0
sweep_cerad,type_llm_all-MiniLM-L6-v2@MTG,CPS_Local,0.4467532467532467,21.0,,,9.0
sweep_cerad,type_llm_all-MiniLM-L6-v2@MTG,CPS_Global,0.4441558441558441,21.0,,,9.0
sweep_cerad,type_llm_all-MiniLM-L6-v2@V1C,CPS_Local,0.3363636363636363,11.0,,,9.0
sweep_cerad,type_llm_all-MiniLM-L6-v2@V1C,CPS_Global,0.3909090909090909,11.0,,,9.0
sweep_cerad,type_llm_SapBERT-from-PubMedBERT-fulltext,CPS_Global,0.5701298701298702,21.0,,,9.0
sweep_cerad,type_llm_SapBERT-from-PubMedBERT-fulltext,CPS_Global_pTau,0.7571428571428571,21.0,,,9.0
sweep_cerad,type_llm_SapBERT-from-PubMedBERT-fulltext,CPS_Global_ABeta,0.2272727272727272,21.0,,,9.0
sweep_cerad,type_llm_SapBERT-from-PubMedBERT-fulltext,braak_trajectory,0.6716012940034598,,,,9.0
sweep_cerad,type_llm_SapBERT-from-PubMedBERT-fulltext,cerad_trajectory,0.7830512670658909,,,,9.0
sweep_cerad,type_llm_SapBERT-from-PubMedBERT-fulltext,adnc_trajectory,0.8366482146387368,,,,9.0
sweep_cerad,type_llm_SapBERT-from-PubMedBERT-fulltext@MTG,CPS_Local,0.7051948051948052,21.0,,,9.0
sweep_cerad,type_llm_SapBERT-from-PubMedBERT-fulltext@MTG,CPS_Global,0.7220779220779221,21.0,,,9.0
sweep_cerad,type_llm_SapBERT-from-PubMedBERT-fulltext@V1C,CPS_Local,0.6,9.0,,,9.0
sweep_cerad,type_llm_SapBERT-from-PubMedBERT-fulltext@V1C,CPS_Global,0.5333333333333333,9.0,,,9.0
sweep_cerad,type_llm_all-MiniLM-L6-v2,CPS_Global,0.6337662337662338,21.0,,,9.0
sweep_cerad,type_llm_all-MiniLM-L6-v2,CPS_Global_pTau,0.764935064935065,21.0,,,9.0
sweep_cerad,type_llm_all-MiniLM-L6-v2,CPS_Global_ABeta,0.1909090909090909,21.0,,,9.0
sweep_cerad,type_llm_all-MiniLM-L6-v2,braak_trajectory,0.6674810406660152,,,,9.0
sweep_cerad,type_llm_all-MiniLM-L6-v2,cerad_trajectory,0.4907571303076747,,,,9.0
sweep_cerad,type_llm_all-MiniLM-L6-v2,adnc_trajectory,0.4381120526448489,,,,9.0
sweep_cerad,type_llm_all-MiniLM-L6-v2@MTG,CPS_Local,0.5987012987012986,21.0,,,9.0
sweep_cerad,type_llm_all-MiniLM-L6-v2@MTG,CPS_Global,0.5688311688311689,21.0,,,9.0
sweep_cerad,type_llm_all-MiniLM-L6-v2@V1C,CPS_Local,0.65,9.0,,,9.0
sweep_cerad,type_llm_all-MiniLM-L6-v2@V1C,CPS_Global,0.6166666666666666,9.0,,,9.0
sweep_cog,pseudobulk_pca,CPS_Global,0.2961038961038961,21.0,,,9.0
sweep_cog,pseudobulk_pca,braak_trajectory,0.439684357501407,,,,9.0
sweep_cog,pseudobulk_pca,CPS_Global,0.1233766233766233,21.0,,,9.0
sweep_cog,pseudobulk_pca,braak_trajectory,0.2735879141808546,,,,9.0
sweep_cog,pseudobulk_pca,CPS_Global,0.222077922077922,21.0,,,9.0
sweep_cog,pseudobulk_pca,braak_trajectory,0.6406993939726258,,,,9.0
sweep_cog,type_llm_SapBERT-from-PubMedBERT-fulltext,CPS_Global,0.6376623376623376,21.0,,,9.0
sweep_cog,type_llm_SapBERT-from-PubMedBERT-fulltext,CPS_Global_pTau,0.6493506493506493,21.0,,,9.0
sweep_cog,type_llm_SapBERT-from-PubMedBERT-fulltext,CPS_Global_ABeta,0.3168831168831169,21.0,,,9.0
sweep_cog,type_llm_SapBERT-from-PubMedBERT-fulltext,braak_trajectory,0.5732233869202512,,,,9.0
sweep_cog,type_llm_SapBERT-from-PubMedBERT-fulltext,cerad_trajectory,0.8161284326574674,,,,9.0
sweep_cog,type_llm_SapBERT-from-PubMedBERT-fulltext,adnc_trajectory,0.7367593278216085,,,,9.0
sweep_cog,type_llm_SapBERT-from-PubMedBERT-fulltext@MTG,CPS_Local,0.7233766233766233,21.0,,,9.0
sweep_cog,type_llm_SapBERT-from-PubMedBERT-fulltext@MTG,CPS_Global,0.6584415584415585,21.0,,,9.0
sweep_cog,type_llm_SapBERT-from-PubMedBERT-fulltext@V1C,CPS_Local,0.4363636363636364,11.0,,,9.0
sweep_cog,type_llm_SapBERT-from-PubMedBERT-fulltext@V1C,CPS_Global,0.6727272727272727,11.0,,,9.0
sweep_cog,type_llm_all-MiniLM-L6-v2,CPS_Global,0.6194805194805195,21.0,,,9.0
sweep_cog,type_llm_all-MiniLM-L6-v2,CPS_Global_pTau,0.5909090909090908,21.0,,,9.0
sweep_cog,type_llm_all-MiniLM-L6-v2,CPS_Global_ABeta,0.251948051948052,21.0,,,9.0
sweep_cog,type_llm_all-MiniLM-L6-v2,braak_trajectory,0.588850294618201,,,,9.0
sweep_cog,type_llm_all-MiniLM-L6-v2,cerad_trajectory,0.8384048911171004,,,,9.0
sweep_cog,type_llm_all-MiniLM-L6-v2,adnc_trajectory,0.7318755065197606,,,,9.0
sweep_cog,type_llm_all-MiniLM-L6-v2@MTG,CPS_Local,0.7090909090909091,21.0,,,9.0
sweep_cog,type_llm_all-MiniLM-L6-v2@MTG,CPS_Global,0.6506493506493506,21.0,,,9.0
sweep_cog,type_llm_all-MiniLM-L6-v2@V1C,CPS_Local,-0.0454545454545454,11.0,,,9.0
sweep_cog,type_llm_all-MiniLM-L6-v2@V1C,CPS_Global,0.0545454545454545,11.0,,,9.0
sweep_cog,type_llm_SapBERT-from-PubMedBERT-fulltext,CPS_Global,0.5883116883116883,21.0,,,9.0
sweep_cog,type_llm_SapBERT-from-PubMedBERT-fulltext,CPS_Global_pTau,0.5467532467532468,21.0,,,9.0
sweep_cog,type_llm_SapBERT-from-PubMedBERT-fulltext,CPS_Global_ABeta,0.3402597402597402,21.0,,,9.0
sweep_cog,type_llm_SapBERT-from-PubMedBERT-fulltext,braak_trajectory,0.4052648903327373,,,,9.0
sweep_cog,type_llm_SapBERT-from-PubMedBERT-fulltext,cerad_trajectory,0.5895938020119033,,,,9.0
sweep_cog,type_llm_SapBERT-from-PubMedBERT-fulltext,adnc_trajectory,0.5561536538661177,,,,9.0
sweep_cog,type_llm_SapBERT-from-PubMedBERT-fulltext@MTG,CPS_Local,0.5792207792207792,21.0,,,9.0
sweep_cog,type_llm_SapBERT-from-PubMedBERT-fulltext@MTG,CPS_Global,0.5220779220779221,21.0,,,9.0
sweep_cog,type_llm_SapBERT-from-PubMedBERT-fulltext@V1C,CPS_Local,0.2090909090909091,11.0,,,9.0
sweep_cog,type_llm_SapBERT-from-PubMedBERT-fulltext@V1C,CPS_Global,0.5272727272727273,11.0,,,9.0
sweep_cog,type_llm_all-MiniLM-L6-v2,CPS_Global,0.4935064935064934,21.0,,,9.0
sweep_cog,type_llm_all-MiniLM-L6-v2,CPS_Global_pTau,0.5220779220779221,21.0,,,9.0
sweep_cog,type_llm_all-MiniLM-L6-v2,CPS_Global_ABeta,0.2428571428571428,21.0,,,9.0
sweep_cog,type_llm_all-MiniLM-L6-v2,braak_trajectory,0.3656935710746585,,,,9.0
sweep_cog,type_llm_all-MiniLM-L6-v2,cerad_trajectory,0.5284855605733119,,,,9.0
sweep_cog,type_llm_all-MiniLM-L6-v2,adnc_trajectory,0.5052817498041983,,,,9.0
sweep_cog,type_llm_all-MiniLM-L6-v2@MTG,CPS_Local,0.5363636363636364,21.0,,,9.0
sweep_cog,type_llm_all-MiniLM-L6-v2@MTG,CPS_Global,0.4298701298701298,21.0,,,9.0
sweep_cog,type_llm_all-MiniLM-L6-v2@V1C,CPS_Local,0.2181818181818182,11.0,,,9.0
sweep_cog,type_llm_all-MiniLM-L6-v2@V1C,CPS_Global,0.2,11.0,,,9.0
sweep_cog,type_llm_SapBERT-from-PubMedBERT-fulltext,CPS_Global,0.6298701298701298,21.0,,,9.0
sweep_cog,type_llm_SapBERT-from-PubMedBERT-fulltext,CPS_Global_pTau,0.7155844155844155,21.0,,,9.0
sweep_cog,type_llm_SapBERT-from-PubMedBERT-fulltext,CPS_Global_ABeta,0.0233766233766233,21.0,,,9.0
sweep_cog,type_llm_SapBERT-from-PubMedBERT-fulltext,braak_trajectory,0.5418133138739568,,,,9.0
sweep_cog,type_llm_SapBERT-from-PubMedBERT-fulltext,cerad_trajectory,0.6554679140698105,,,,9.0
sweep_cog,type_llm_SapBERT-from-PubMedBERT-fulltext,adnc_trajectory,0.7366670172047302,,,,9.0
sweep_cog,type_llm_SapBERT-from-PubMedBERT-fulltext@MTG,CPS_Local,0.7467532467532467,21.0,,,9.0
sweep_cog,type_llm_SapBERT-from-PubMedBERT-fulltext@MTG,CPS_Global,0.7545454545454545,21.0,,,9.0
sweep_cog,type_llm_SapBERT-from-PubMedBERT-fulltext@V1C,CPS_Local,0.7833333333333333,9.0,,,9.0
sweep_cog,type_llm_SapBERT-from-PubMedBERT-fulltext@V1C,CPS_Global,0.7833333333333333,9.0,,,9.0
sweep_cog,type_llm_all-MiniLM-L6-v2,CPS_Global,0.5766233766233767,21.0,,,9.0
sweep_cog,type_llm_all-MiniLM-L6-v2,CPS_Global_pTau,0.6324675324675325,21.0,,,9.0
sweep_cog,type_llm_all-MiniLM-L6-v2,CPS_Global_ABeta,0.4454545454545455,21.0,,,9.0
sweep_cog,type_llm_all-MiniLM-L6-v2,braak_trajectory,0.5006107804995115,,,,9.0
sweep_cog,type_llm_all-MiniLM-L6-v2,cerad_trajectory,0.5690622570142639,,,,9.0
sweep_cog,type_llm_all-MiniLM-L6-v2,adnc_trajectory,0.6394630752550013,,,,9.0
sweep_cog,type_llm_all-MiniLM-L6-v2@MTG,CPS_Local,0.7961038961038961,21.0,,,9.0
sweep_cog,type_llm_all-MiniLM-L6-v2@MTG,CPS_Global,0.6610389610389611,21.0,,,9.0
sweep_cog,type_llm_all-MiniLM-L6-v2@V1C,CPS_Local,-0.3333333333333333,9.0,,,9.0
sweep_cog,type_llm_all-MiniLM-L6-v2@V1C,CPS_Global,0.4833333333333333,9.0,,,9.0
sweep_cog_shuf,pseudobulk_pca,CPS_Global,0.2961038961038961,21.0,,,9.0
sweep_cog_shuf,pseudobulk_pca,braak_trajectory,0.439684357501407,,,,9.0
sweep_cog_shuf,pseudobulk_pca,CPS_Global,0.1233766233766233,21.0,,,9.0
sweep_cog_shuf,pseudobulk_pca,braak_trajectory,0.2735879141808546,,,,9.0
sweep_cog_shuf,pseudobulk_pca,CPS_Global,0.222077922077922,21.0,,,9.0
sweep_cog_shuf,pseudobulk_pca,braak_trajectory,0.6406993939726258,,,,9.0
sweep_cog_shuf,type_llm_SapBERT-from-PubMedBERT-fulltext,CPS_Global,0.3532467532467533,21.0,,,9.0
sweep_cog_shuf,type_llm_SapBERT-from-PubMedBERT-fulltext,CPS_Global_pTau,0.5454545454545454,21.0,,,9.0
sweep_cog_shuf,type_llm_SapBERT-from-PubMedBERT-fulltext,CPS_Global_ABeta,0.0324675324675324,21.0,,,9.0
sweep_cog_shuf,type_llm_SapBERT-from-PubMedBERT-fulltext,braak_trajectory,0.5078468100978526,,,,9.0
sweep_cog_shuf,type_llm_SapBERT-from-PubMedBERT-fulltext,cerad_trajectory,0.4681907303972368,,,,9.0
sweep_cog_shuf,type_llm_SapBERT-from-PubMedBERT-fulltext,adnc_trajectory,0.3181799055084718,,,,9.0
sweep_cog_shuf,type_llm_SapBERT-from-PubMedBERT-fulltext@MTG,CPS_Local,0.2883116883116883,21.0,,,9.0
sweep_cog_shuf,type_llm_SapBERT-from-PubMedBERT-fulltext@MTG,CPS_Global,0.3103896103896104,21.0,,,9.0
sweep_cog_shuf,type_llm_SapBERT-from-PubMedBERT-fulltext@V1C,CPS_Local,0.3333333333333333,9.0,,,9.0
sweep_cog_shuf,type_llm_SapBERT-from-PubMedBERT-fulltext@V1C,CPS_Global,0.0333333333333333,9.0,,,9.0
sweep_cog_shuf,type_llm_all-MiniLM-L6-v2,CPS_Global,-0.0051948051948051,21.0,,,9.0
sweep_cog_shuf,type_llm_all-MiniLM-L6-v2,CPS_Global_pTau,-0.0181818181818181,21.0,,,9.0
sweep_cog_shuf,type_llm_all-MiniLM-L6-v2,CPS_Global_ABeta,-0.287012987012987,21.0,,,9.0
sweep_cog_shuf,type_llm_all-MiniLM-L6-v2,braak_trajectory,0.4762352359916262,,,,9.0
sweep_cog_shuf,type_llm_all-MiniLM-L6-v2,cerad_trajectory,0.4032591692472551,,,,9.0
sweep_cog_shuf,type_llm_all-MiniLM-L6-v2,adnc_trajectory,0.2397552809113133,,,,9.0
sweep_cog_shuf,type_llm_all-MiniLM-L6-v2@MTG,CPS_Local,0.0311688311688311,21.0,,,9.0
sweep_cog_shuf,type_llm_all-MiniLM-L6-v2@MTG,CPS_Global,0.0896103896103896,21.0,,,9.0
sweep_cog_shuf,type_llm_all-MiniLM-L6-v2@V1C,CPS_Local,-0.3333333333333333,9.0,,,9.0
sweep_cog_shuf,type_llm_all-MiniLM-L6-v2@V1C,CPS_Global,-0.5166666666666667,9.0,,,9.0
sweep_cog_shuf,type_llm_SapBERT-from-PubMedBERT-fulltext,CPS_Global,0.2311688311688312,21.0,,,9.0
sweep_cog_shuf,type_llm_SapBERT-from-PubMedBERT-fulltext,CPS_Global_pTau,0.2766233766233766,21.0,,,9.0
sweep_cog_shuf,type_llm_SapBERT-from-PubMedBERT-fulltext,CPS_Global_ABeta,0.1857142857142857,21.0,,,9.0
sweep_cog_shuf,type_llm_SapBERT-from-PubMedBERT-fulltext,braak_trajectory,-0.1459044517966004,,,,9.0
sweep_cog_shuf,type_llm_SapBERT-from-PubMedBERT-fulltext,cerad_trajectory,-0.2327943135656164,,,,9.0
sweep_cog_shuf,type_llm_SapBERT-from-PubMedBERT-fulltext,adnc_trajectory,0.121468498193142,,,,9.0
sweep_cog_shuf,type_llm_SapBERT-from-PubMedBERT-fulltext@MTG,CPS_Local,0.1896103896103896,21.0,,,9.0
sweep_cog_shuf,type_llm_SapBERT-from-PubMedBERT-fulltext@MTG,CPS_Global,0.3038961038961039,21.0,,,9.0
sweep_cog_shuf,type_llm_SapBERT-from-PubMedBERT-fulltext@V1C,CPS_Local,0.5,7.0,,,9.0
sweep_cog_shuf,type_llm_SapBERT-from-PubMedBERT-fulltext@V1C,CPS_Global,0.3571428571428572,7.0,,,9.0
sweep_cog_shuf,type_llm_all-MiniLM-L6-v2,CPS_Global,0.4324675324675325,21.0,,,9.0
sweep_cog_shuf,type_llm_all-MiniLM-L6-v2,CPS_Global_pTau,0.4506493506493507,21.0,,,9.0
sweep_cog_shuf,type_llm_all-MiniLM-L6-v2,CPS_Global_ABeta,0.2597402597402597,21.0,,,9.0
sweep_cog_shuf,type_llm_all-MiniLM-L6-v2,braak_trajectory,-0.105186930364991,,,,9.0
sweep_cog_shuf,type_llm_all-MiniLM-L6-v2,cerad_trajectory,-0.2410348202405055,,,,9.0
sweep_cog_shuf,type_llm_all-MiniLM-L6-v2,adnc_trajectory,0.1424630534364011,,,,9.0
sweep_cog_shuf,type_llm_all-MiniLM-L6-v2@MTG,CPS_Local,0.4155844155844155,21.0,,,9.0
sweep_cog_shuf,type_llm_all-MiniLM-L6-v2@MTG,CPS_Global,0.3818181818181818,21.0,,,9.0
sweep_cog_shuf,type_llm_all-MiniLM-L6-v2@V1C,CPS_Local,0.1428571428571428,7.0,,,9.0
sweep_cog_shuf,type_llm_all-MiniLM-L6-v2@V1C,CPS_Global,0.4285714285714286,7.0,,,9.0
sweep_cog_shuf,type_llm_SapBERT-from-PubMedBERT-fulltext,CPS_Global,0.1493506493506493,21.0,,,9.0
sweep_cog_shuf,type_llm_SapBERT-from-PubMedBERT-fulltext,CPS_Global_pTau,0.2779220779220779,21.0,,,9.0
sweep_cog_shuf,type_llm_SapBERT-from-PubMedBERT-fulltext,CPS_Global_ABeta,-0.1545454545454545,21.0,,,9.0
sweep_cog_shuf,type_llm_SapBERT-from-PubMedBERT-fulltext,braak_trajectory,0.0711187601873006,,,,9.0
sweep_cog_shuf,type_llm_SapBERT-from-PubMedBERT-fulltext,cerad_trajectory,-0.1154892370345086,,,,9.0
sweep_cog_shuf,type_llm_SapBERT-from-PubMedBERT-fulltext,adnc_trajectory,0.1039085718539937,,,,9.0
sweep_cog_shuf,type_llm_SapBERT-from-PubMedBERT-fulltext@MTG,CPS_Local,0.1818181818181818,21.0,,,9.0
sweep_cog_shuf,type_llm_SapBERT-from-PubMedBERT-fulltext@MTG,CPS_Global,0.174025974025974,21.0,,,9.0
sweep_cog_shuf,type_llm_SapBERT-from-PubMedBERT-fulltext@V1C,CPS_Local,-0.5272727272727272,10.0,,,9.0
sweep_cog_shuf,type_llm_SapBERT-from-PubMedBERT-fulltext@V1C,CPS_Global,-0.406060606060606,10.0,,,9.0
sweep_cog_shuf,type_llm_all-MiniLM-L6-v2,CPS_Global,0.1909090909090909,21.0,,,9.0
sweep_cog_shuf,type_llm_all-MiniLM-L6-v2,CPS_Global_pTau,0.2961038961038961,21.0,,,9.0
sweep_cog_shuf,type_llm_all-MiniLM-L6-v2,CPS_Global_ABeta,-0.0974025974025974,21.0,,,9.0
sweep_cog_shuf,type_llm_all-MiniLM-L6-v2,braak_trajectory,0.1255463827796225,,,,9.0
sweep_cog_shuf,type_llm_all-MiniLM-L6-v2,cerad_trajectory,-0.0740489813927143,,,,9.0
sweep_cog_shuf,type_llm_all-MiniLM-L6-v2,adnc_trajectory,0.0089705241888339,,,,9.0
sweep_cog_shuf,type_llm_all-MiniLM-L6-v2@MTG,CPS_Local,0.1714285714285714,21.0,,,9.0
sweep_cog_shuf,type_llm_all-MiniLM-L6-v2@MTG,CPS_Global,0.1272727272727272,21.0,,,9.0
sweep_cog_shuf,type_llm_all-MiniLM-L6-v2@V1C,CPS_Local,-0.1151515151515151,10.0,,,9.0
sweep_cog_shuf,type_llm_all-MiniLM-L6-v2@V1C,CPS_Global,-0.1636363636363636,10.0,,,9.0
sweep_combo,pseudobulk_pca,CPS_Global,0.2961038961038961,21.0,,,9.0
sweep_combo,pseudobulk_pca,braak_trajectory,0.439684357501407,,,,9.0
sweep_combo,pseudobulk_pca,CPS_Global,0.1233766233766233,21.0,,,9.0
sweep_combo,pseudobulk_pca,braak_trajectory,0.2735879141808546,,,,9.0
sweep_combo,pseudobulk_pca,CPS_Global,0.222077922077922,21.0,,,9.0
sweep_combo,pseudobulk_pca,braak_trajectory,0.6406993939726258,,,,9.0
sweep_combo,type_llm_SapBERT-from-PubMedBERT-fulltext,CPS_Global,0.0896103896103896,21.0,,,9.0
sweep_combo,type_llm_SapBERT-from-PubMedBERT-fulltext,CPS_Global_pTau,0.4402597402597402,21.0,,,9.0
sweep_combo,type_llm_SapBERT-from-PubMedBERT-fulltext,CPS_Global_ABeta,-0.0753246753246753,21.0,,,9.0
sweep_combo,type_llm_SapBERT-from-PubMedBERT-fulltext,braak_trajectory,0.2478995812083861,,,,9.0
sweep_combo,type_llm_SapBERT-from-PubMedBERT-fulltext,cerad_trajectory,0.2355904243155137,,,,9.0
sweep_combo,type_llm_SapBERT-from-PubMedBERT-fulltext,adnc_trajectory,0.2916339005960533,,,,9.0
sweep_combo,type_llm_SapBERT-from-PubMedBERT-fulltext@MTG,CPS_Local,0.438961038961039,21.0,,,9.0
sweep_combo,type_llm_SapBERT-from-PubMedBERT-fulltext@MTG,CPS_Global,0.4623376623376624,21.0,,,9.0
sweep_combo,type_llm_SapBERT-from-PubMedBERT-fulltext@V1C,CPS_Local,-0.1272727272727273,11.0,,,9.0
sweep_combo,type_llm_SapBERT-from-PubMedBERT-fulltext@V1C,CPS_Global,0.0636363636363636,11.0,,,9.0
sweep_combo,type_llm_all-MiniLM-L6-v2,CPS_Global,0.0077922077922077,21.0,,,9.0
sweep_combo,type_llm_all-MiniLM-L6-v2,CPS_Global_pTau,0.3103896103896104,21.0,,,9.0
sweep_combo,type_llm_all-MiniLM-L6-v2,CPS_Global_ABeta,-0.0909090909090909,21.0,,,9.0
sweep_combo,type_llm_all-MiniLM-L6-v2,braak_trajectory,0.2244592196614614,,,,9.0
sweep_combo,type_llm_all-MiniLM-L6-v2,cerad_trajectory,0.4333783736692259,,,,9.0
sweep_combo,type_llm_all-MiniLM-L6-v2,adnc_trajectory,0.3069830532590035,,,,9.0
sweep_combo,type_llm_all-MiniLM-L6-v2@MTG,CPS_Local,0.3675324675324675,21.0,,,9.0
sweep_combo,type_llm_all-MiniLM-L6-v2@MTG,CPS_Global,0.4896103896103896,21.0,,,9.0
sweep_combo,type_llm_all-MiniLM-L6-v2@V1C,CPS_Local,0.2272727272727272,11.0,,,9.0
sweep_combo,type_llm_all-MiniLM-L6-v2@V1C,CPS_Global,0.0545454545454545,11.0,,,9.0
sweep_combo,type_llm_SapBERT-from-PubMedBERT-fulltext,CPS_Global,0.1623376623376623,21.0,,,9.0
sweep_combo,type_llm_SapBERT-from-PubMedBERT-fulltext,CPS_Global_pTau,0.4688311688311688,21.0,,,9.0
sweep_combo,type_llm_SapBERT-from-PubMedBERT-fulltext,CPS_Global_ABeta,0.061038961038961,21.0,,,9.0
sweep_combo,type_llm_SapBERT-from-PubMedBERT-fulltext,braak_trajectory,0.4830430005986161,,,,9.0
sweep_combo,type_llm_SapBERT-from-PubMedBERT-fulltext,cerad_trajectory,0.5002817568324236,,,,9.0
sweep_combo,type_llm_SapBERT-from-PubMedBERT-fulltext,adnc_trajectory,0.3897887784203815,,,,9.0
sweep_combo,type_llm_SapBERT-from-PubMedBERT-fulltext@MTG,CPS_Local,0.4727272727272727,21.0,,,9.0
sweep_combo,type_llm_SapBERT-from-PubMedBERT-fulltext@MTG,CPS_Global,0.4545454545454545,21.0,,,9.0
sweep_combo,type_llm_SapBERT-from-PubMedBERT-fulltext@V1C,CPS_Local,0.0818181818181818,11.0,,,9.0
sweep_combo,type_llm_SapBERT-from-PubMedBERT-fulltext@V1C,CPS_Global,0.5181818181818182,11.0,,,9.0
sweep_combo,type_llm_all-MiniLM-L6-v2,CPS_Global,0.1519480519480519,21.0,,,9.0
sweep_combo,type_llm_all-MiniLM-L6-v2,CPS_Global_pTau,0.3259740259740259,21.0,,,9.0
sweep_combo,type_llm_all-MiniLM-L6-v2,CPS_Global_ABeta,0.0662337662337662,21.0,,,9.0
sweep_combo,type_llm_all-MiniLM-L6-v2,braak_trajectory,0.3308981006925547,,,,9.0
sweep_combo,type_llm_all-MiniLM-L6-v2,cerad_trajectory,0.4902089697821063,,,,9.0
sweep_combo,type_llm_all-MiniLM-L6-v2,adnc_trajectory,0.4640342600242638,,,,9.0
sweep_combo,type_llm_all-MiniLM-L6-v2@MTG,CPS_Local,0.4909090909090909,21.0,,,9.0
sweep_combo,type_llm_all-MiniLM-L6-v2@MTG,CPS_Global,0.4233766233766233,21.0,,,9.0
sweep_combo,type_llm_all-MiniLM-L6-v2@V1C,CPS_Local,-0.1272727272727273,11.0,,,9.0
sweep_combo,type_llm_all-MiniLM-L6-v2@V1C,CPS_Global,0.5545454545454546,11.0,,,9.0
sweep_combo,type_llm_SapBERT-from-PubMedBERT-fulltext,CPS_Global,0.4038961038961038,21.0,,,9.0
sweep_combo,type_llm_SapBERT-from-PubMedBERT-fulltext,CPS_Global_pTau,0.6285714285714287,21.0,,,9.0
sweep_combo,type_llm_SapBERT-from-PubMedBERT-fulltext,CPS_Global_ABeta,-0.0714285714285714,21.0,,,9.0
sweep_combo,type_llm_SapBERT-from-PubMedBERT-fulltext,braak_trajectory,0.5974367339294581,,,,9.0
sweep_combo,type_llm_SapBERT-from-PubMedBERT-fulltext,cerad_trajectory,0.670993930571979,,,,9.0
sweep_combo,type_llm_SapBERT-from-PubMedBERT-fulltext,adnc_trajectory,0.6436289584814182,,,,9.0
sweep_combo,type_llm_SapBERT-from-PubMedBERT-fulltext@MTG,CPS_Local,0.5064935064935064,21.0,,,9.0
sweep_combo,type_llm_SapBERT-from-PubMedBERT-fulltext@MTG,CPS_Global,0.648051948051948,21.0,,,9.0
sweep_combo,type_llm_SapBERT-from-PubMedBERT-fulltext@V1C,CPS_Local,0.6,9.0,,,9.0
sweep_combo,type_llm_SapBERT-from-PubMedBERT-fulltext@V1C,CPS_Global,0.3166666666666666,9.0,,,9.0
sweep_combo,type_llm_all-MiniLM-L6-v2,CPS_Global,0.487012987012987,21.0,,,9.0
sweep_combo,type_llm_all-MiniLM-L6-v2,CPS_Global_pTau,0.6077922077922078,21.0,,,9.0
sweep_combo,type_llm_all-MiniLM-L6-v2,CPS_Global_ABeta,0.1545454545454545,21.0,,,9.0
sweep_combo,type_llm_all-MiniLM-L6-v2,braak_trajectory,0.5974367339294581,,,,9.0
sweep_combo,type_llm_all-MiniLM-L6-v2,cerad_trajectory,0.4846817325459566,,,,9.0
sweep_combo,type_llm_all-MiniLM-L6-v2,adnc_trajectory,0.5776691407298166,,,,9.0
sweep_combo,type_llm_all-MiniLM-L6-v2@MTG,CPS_Local,0.5610389610389611,21.0,,,9.0
sweep_combo,type_llm_all-MiniLM-L6-v2@MTG,CPS_Global,0.6493506493506493,21.0,,,9.0
sweep_combo,type_llm_all-MiniLM-L6-v2@V1C,CPS_Local,0.7666666666666667,9.0,,,9.0
sweep_combo,type_llm_all-MiniLM-L6-v2@V1C,CPS_Global,0.4833333333333333,9.0,,,9.0
sweep_cps_q3,pseudobulk_pca,CPS_Global,0.2961038961038961,21.0,,,9.0
sweep_cps_q3,pseudobulk_pca,braak_trajectory,0.439684357501407,,,,9.0
sweep_cps_q3,pseudobulk_pca,CPS_Global,0.1233766233766233,21.0,,,9.0
sweep_cps_q3,pseudobulk_pca,braak_trajectory,0.2735879141808546,,,,9.0
sweep_cps_q3,pseudobulk_pca,CPS_Global,0.222077922077922,21.0,,,9.0
sweep_cps_q3,pseudobulk_pca,braak_trajectory,0.6406993939726258,,,,9.0
sweep_cps_q3,type_llm_SapBERT-from-PubMedBERT-fulltext,CPS_Global,0.2935064935064935,21.0,,,9.0
sweep_cps_q3,type_llm_SapBERT-from-PubMedBERT-fulltext,CPS_Global_pTau,0.5389610389610389,21.0,,,9.0
sweep_cps_q3,type_llm_SapBERT-from-PubMedBERT-fulltext,CPS_Global_ABeta,0.0922077922077922,21.0,,,9.0
sweep_cps_q3,type_llm_SapBERT-from-PubMedBERT-fulltext,braak_trajectory,-0.0909201902426173,,,,9.0
sweep_cps_q3,type_llm_SapBERT-from-PubMedBERT-fulltext,cerad_trajectory,-0.0162010606979149,,,,9.0
sweep_cps_q3,type_llm_SapBERT-from-PubMedBERT-fulltext,adnc_trajectory,0.0132560863907296,,,,9.0
sweep_cps_q3,type_llm_SapBERT-from-PubMedBERT-fulltext@MTG,CPS_Local,0.6454545454545455,21.0,,,9.0
sweep_cps_q3,type_llm_SapBERT-from-PubMedBERT-fulltext@MTG,CPS_Global,0.6376623376623376,21.0,,,9.0
sweep_cps_q3,type_llm_SapBERT-from-PubMedBERT-fulltext@V1C,CPS_Local,-0.1272727272727273,11.0,,,9.0
sweep_cps_q3,type_llm_SapBERT-from-PubMedBERT-fulltext@V1C,CPS_Global,-0.1454545454545454,11.0,,,9.0
sweep_cps_q3,type_llm_all-MiniLM-L6-v2,CPS_Global,0.3415584415584415,21.0,,,9.0
sweep_cps_q3,type_llm_all-MiniLM-L6-v2,CPS_Global_pTau,0.4558441558441558,21.0,,,9.0
sweep_cps_q3,type_llm_all-MiniLM-L6-v2,CPS_Global_ABeta,0.1324675324675324,21.0,,,9.0
sweep_cps_q3,type_llm_all-MiniLM-L6-v2,braak_trajectory,0.0142062797254089,,,,9.0
sweep_cps_q3,type_llm_all-MiniLM-L6-v2,cerad_trajectory,0.135683883345038,,,,9.0
sweep_cps_q3,type_llm_all-MiniLM-L6-v2,adnc_trajectory,0.1311654863924833,,,,9.0
sweep_cps_q3,type_llm_all-MiniLM-L6-v2@MTG,CPS_Local,0.6779220779220779,21.0,,,9.0
sweep_cps_q3,type_llm_all-MiniLM-L6-v2@MTG,CPS_Global,0.6701298701298701,21.0,,,9.0
sweep_cps_q3,type_llm_all-MiniLM-L6-v2@V1C,CPS_Local,-0.2363636363636363,11.0,,,9.0
sweep_cps_q3,type_llm_all-MiniLM-L6-v2@V1C,CPS_Global,-0.2545454545454546,11.0,,,9.0
sweep_cps_q3,type_llm_SapBERT-from-PubMedBERT-fulltext,CPS_Global,0.6337662337662338,21.0,,,9.0
sweep_cps_q3,type_llm_SapBERT-from-PubMedBERT-fulltext,CPS_Global_pTau,0.648051948051948,21.0,,,9.0
sweep_cps_q3,type_llm_SapBERT-from-PubMedBERT-fulltext,CPS_Global_ABeta,0.3259740259740259,21.0,,,9.0
sweep_cps_q3,type_llm_SapBERT-from-PubMedBERT-fulltext,braak_trajectory,0.3254399876914405,,,,9.0
sweep_cps_q3,type_llm_SapBERT-from-PubMedBERT-fulltext,cerad_trajectory,0.4076121159695048,,,,9.0
sweep_cps_q3,type_llm_SapBERT-from-PubMedBERT-fulltext,adnc_trajectory,0.3169182131424972,,,,9.0
sweep_cps_q3,type_llm_SapBERT-from-PubMedBERT-fulltext@MTG,CPS_Local,0.4922077922077922,21.0,,,9.0
sweep_cps_q3,type_llm_SapBERT-from-PubMedBERT-fulltext@MTG,CPS_Global,0.5298701298701299,21.0,,,9.0
sweep_cps_q3,type_llm_SapBERT-from-PubMedBERT-fulltext@V1C,CPS_Local,0.5272727272727273,11.0,,,9.0
sweep_cps_q3,type_llm_SapBERT-from-PubMedBERT-fulltext@V1C,CPS_Global,0.5909090909090909,11.0,,,9.0
sweep_cps_q3,type_llm_all-MiniLM-L6-v2,CPS_Global,0.5597402597402598,21.0,,,9.0
sweep_cps_q3,type_llm_all-MiniLM-L6-v2,CPS_Global_pTau,0.6636363636363637,21.0,,,9.0
sweep_cps_q3,type_llm_all-MiniLM-L6-v2,CPS_Global_ABeta,0.274025974025974,21.0,,,9.0
sweep_cps_q3,type_llm_all-MiniLM-L6-v2,braak_trajectory,0.4925946983505661,,,,9.0
sweep_cps_q3,type_llm_all-MiniLM-L6-v2,cerad_trajectory,0.5130406204294922,,,,9.0
sweep_cps_q3,type_llm_all-MiniLM-L6-v2,adnc_trajectory,0.4083501488213522,,,,9.0
sweep_cps_q3,type_llm_all-MiniLM-L6-v2@MTG,CPS_Local,0.4155844155844155,21.0,,,9.0
sweep_cps_q3,type_llm_all-MiniLM-L6-v2@MTG,CPS_Global,0.5064935064935064,21.0,,,9.0
sweep_cps_q3,type_llm_all-MiniLM-L6-v2@V1C,CPS_Local,0.5545454545454546,11.0,,,9.0
sweep_cps_q3,type_llm_all-MiniLM-L6-v2@V1C,CPS_Global,0.5454545454545455,11.0,,,9.0
sweep_cps_q3,type_llm_SapBERT-from-PubMedBERT-fulltext,CPS_Global,0.7,21.0,,,9.0
sweep_cps_q3,type_llm_SapBERT-from-PubMedBERT-fulltext,CPS_Global_pTau,0.7246753246753247,21.0,,,9.0
sweep_cps_q3,type_llm_SapBERT-from-PubMedBERT-fulltext,CPS_Global_ABeta,0.2324675324675325,21.0,,,9.0
sweep_cps_q3,type_llm_SapBERT-from-PubMedBERT-fulltext,braak_trajectory,-0.0144208866810558,,,,9.0
sweep_cps_q3,type_llm_SapBERT-from-PubMedBERT-fulltext,cerad_trajectory,-0.1930626399834869,,,,9.0
sweep_cps_q3,type_llm_SapBERT-from-PubMedBERT-fulltext,adnc_trajectory,-0.195102197770527,,,,9.0
sweep_cps_q3,type_llm_SapBERT-from-PubMedBERT-fulltext@MTG,CPS_Local,0.7623376623376623,21.0,,,9.0
sweep_cps_q3,type_llm_SapBERT-from-PubMedBERT-fulltext@MTG,CPS_Global,0.7636363636363636,21.0,,,9.0
sweep_cps_q3,type_llm_SapBERT-from-PubMedBERT-fulltext@V1C,CPS_Local,0.3666666666666667,9.0,,,9.0
sweep_cps_q3,type_llm_SapBERT-from-PubMedBERT-fulltext@V1C,CPS_Global,0.2833333333333333,9.0,,,9.0
sweep_cps_q3,type_llm_all-MiniLM-L6-v2,CPS_Global,0.625974025974026,21.0,,,9.0
sweep_cps_q3,type_llm_all-MiniLM-L6-v2,CPS_Global_pTau,0.7571428571428571,21.0,,,9.0
sweep_cps_q3,type_llm_all-MiniLM-L6-v2,CPS_Global_ABeta,0.1311688311688311,21.0,,,9.0
sweep_cps_q3,type_llm_all-MiniLM-L6-v2,braak_trajectory,0.0370822800370008,,,,9.0
sweep_cps_q3,type_llm_all-MiniLM-L6-v2,cerad_trajectory,-0.1221829994301088,,,,9.0
sweep_cps_q3,type_llm_all-MiniLM-L6-v2,adnc_trajectory,-0.1478888545378016,,,,9.0
sweep_cps_q3,type_llm_all-MiniLM-L6-v2@MTG,CPS_Local,0.7584415584415585,21.0,,,9.0
sweep_cps_q3,type_llm_all-MiniLM-L6-v2@MTG,CPS_Global,0.7987012987012986,21.0,,,9.0
sweep_cps_q3,type_llm_all-MiniLM-L6-v2@V1C,CPS_Local,0.35,9.0,,,9.0
sweep_cps_q3,type_llm_all-MiniLM-L6-v2@V1C,CPS_Global,0.2333333333333333,9.0,,,9.0
sweep_cps_q4,pseudobulk_pca,CPS_Global,0.2961038961038961,21.0,,,9.0
sweep_cps_q4,pseudobulk_pca,braak_trajectory,0.439684357501407,,,,9.0
sweep_cps_q4,pseudobulk_pca,CPS_Global,0.1233766233766233,21.0,,,9.0
sweep_cps_q4,pseudobulk_pca,braak_trajectory,0.2735879141808546,,,,9.0
sweep_cps_q4,pseudobulk_pca,CPS_Global,0.222077922077922,21.0,,,9.0
sweep_cps_q4,pseudobulk_pca,braak_trajectory,0.6406993939726258,,,,9.0
sweep_cps_q4,type_llm_SapBERT-from-PubMedBERT-fulltext,CPS_Global,0.4909090909090909,21.0,,,9.0
sweep_cps_q4,type_llm_SapBERT-from-PubMedBERT-fulltext,CPS_Global_pTau,0.5415584415584416,21.0,,,9.0
sweep_cps_q4,type_llm_SapBERT-from-PubMedBERT-fulltext,CPS_Global_ABeta,0.1922077922077922,21.0,,,9.0
sweep_cps_q4,type_llm_SapBERT-from-PubMedBERT-fulltext,braak_trajectory,0.2081219979772411,,,,9.0
sweep_cps_q4,type_llm_SapBERT-from-PubMedBERT-fulltext,cerad_trajectory,0.4178523571670573,,,,9.0
sweep_cps_q4,type_llm_SapBERT-from-PubMedBERT-fulltext,adnc_trajectory,0.4060548568107728,,,,9.0
sweep_cps_q4,type_llm_SapBERT-from-PubMedBERT-fulltext@MTG,CPS_Local,0.7168831168831169,21.0,,,9.0
sweep_cps_q4,type_llm_SapBERT-from-PubMedBERT-fulltext@MTG,CPS_Global,0.7051948051948052,21.0,,,9.0
sweep_cps_q4,type_llm_SapBERT-from-PubMedBERT-fulltext@V1C,CPS_Local,-0.1272727272727273,11.0,,,9.0
sweep_cps_q4,type_llm_SapBERT-from-PubMedBERT-fulltext@V1C,CPS_Global,0.1454545454545454,11.0,,,9.0
sweep_cps_q4,type_llm_all-MiniLM-L6-v2,CPS_Global,0.5896103896103897,21.0,,,9.0
sweep_cps_q4,type_llm_all-MiniLM-L6-v2,CPS_Global_pTau,0.6688311688311688,21.0,,,9.0
sweep_cps_q4,type_llm_all-MiniLM-L6-v2,CPS_Global_ABeta,0.2428571428571428,21.0,,,9.0
sweep_cps_q4,type_llm_all-MiniLM-L6-v2,braak_trajectory,0.2748915126866632,,,,9.0
sweep_cps_q4,type_llm_all-MiniLM-L6-v2,cerad_trajectory,0.439453771430944,,,,9.0
sweep_cps_q4,type_llm_all-MiniLM-L6-v2,adnc_trajectory,0.4646607124329462,,,,9.0
sweep_cps_q4,type_llm_all-MiniLM-L6-v2@MTG,CPS_Local,0.7285714285714285,21.0,,,9.0
sweep_cps_q4,type_llm_all-MiniLM-L6-v2@MTG,CPS_Global,0.6883116883116883,21.0,,,9.0
sweep_cps_q4,type_llm_all-MiniLM-L6-v2@V1C,CPS_Local,0.0181818181818181,11.0,,,9.0
sweep_cps_q4,type_llm_all-MiniLM-L6-v2@V1C,CPS_Global,0.1181818181818181,11.0,,,9.0
sweep_cps_q4,type_llm_SapBERT-from-PubMedBERT-fulltext,CPS_Global,0.5441558441558442,21.0,,,9.0
sweep_cps_q4,type_llm_SapBERT-from-PubMedBERT-fulltext,CPS_Global_pTau,0.5623376623376624,21.0,,,9.0
sweep_cps_q4,type_llm_SapBERT-from-PubMedBERT-fulltext,CPS_Global_ABeta,0.2649350649350649,21.0,,,9.0
sweep_cps_q4,type_llm_SapBERT-from-PubMedBERT-fulltext,braak_trajectory,-0.0818716950167146,,,,9.0
sweep_cps_q4,type_llm_SapBERT-from-PubMedBERT-fulltext,cerad_trajectory,-0.2874101905023856,,,,9.0
sweep_cps_q4,type_llm_SapBERT-from-PubMedBERT-fulltext,adnc_trajectory,-0.2137994886926608,,,,9.0
sweep_cps_q4,type_llm_SapBERT-from-PubMedBERT-fulltext@MTG,CPS_Local,0.4129870129870129,21.0,,,9.0
sweep_cps_q4,type_llm_SapBERT-from-PubMedBERT-fulltext@MTG,CPS_Global,0.448051948051948,21.0,,,9.0
sweep_cps_q4,type_llm_SapBERT-from-PubMedBERT-fulltext@V1C,CPS_Local,0.4090909090909091,11.0,,,9.0
sweep_cps_q4,type_llm_SapBERT-from-PubMedBERT-fulltext@V1C,CPS_Global,0.3818181818181818,11.0,,,9.0
sweep_cps_q4,type_llm_all-MiniLM-L6-v2,CPS_Global,0.6,21.0,,,9.0
sweep_cps_q4,type_llm_all-MiniLM-L6-v2,CPS_Global_pTau,0.5376623376623377,21.0,,,9.0
sweep_cps_q4,type_llm_all-MiniLM-L6-v2,CPS_Global_ABeta,0.3103896103896104,21.0,,,9.0
sweep_cps_q4,type_llm_all-MiniLM-L6-v2,braak_trajectory,0.3759275329517478,,,,9.0
sweep_cps_q4,type_llm_all-MiniLM-L6-v2,cerad_trajectory,0.4042545202860658,,,,9.0
sweep_cps_q4,type_llm_all-MiniLM-L6-v2,adnc_trajectory,0.3732897825084078,,,,9.0
sweep_cps_q4,type_llm_all-MiniLM-L6-v2@MTG,CPS_Local,0.4948051948051948,21.0,,,9.0
sweep_cps_q4,type_llm_all-MiniLM-L6-v2@MTG,CPS_Global,0.4727272727272727,21.0,,,9.0
sweep_cps_q4,type_llm_all-MiniLM-L6-v2@V1C,CPS_Local,0.6000000000000001,11.0,,,9.0
sweep_cps_q4,type_llm_all-MiniLM-L6-v2@V1C,CPS_Global,0.6181818181818182,11.0,,,9.0
sweep_cps_q4,type_llm_SapBERT-from-PubMedBERT-fulltext,CPS_Global,0.5194805194805194,21.0,,,9.0
sweep_cps_q4,type_llm_SapBERT-from-PubMedBERT-fulltext,CPS_Global_pTau,0.5779220779220778,21.0,,,9.0
sweep_cps_q4,type_llm_SapBERT-from-PubMedBERT-fulltext,CPS_Global_ABeta,0.248051948051948,21.0,,,9.0
sweep_cps_q4,type_llm_SapBERT-from-PubMedBERT-fulltext,braak_trajectory,0.0329620266995563,,,,9.0
sweep_cps_q4,type_llm_SapBERT-from-PubMedBERT-fulltext,cerad_trajectory,0.1633606953706427,,,,9.0
sweep_cps_q4,type_llm_SapBERT-from-PubMedBERT-fulltext,adnc_trajectory,0.0409645183930999,,,,9.0
sweep_cps_q4,type_llm_SapBERT-from-PubMedBERT-fulltext@MTG,CPS_Local,0.6831168831168831,21.0,,,9.0
sweep_cps_q4,type_llm_SapBERT-from-PubMedBERT-fulltext@MTG,CPS_Global,0.6987012987012987,21.0,,,9.0
sweep_cps_q4,type_llm_SapBERT-from-PubMedBERT-fulltext@V1C,CPS_Local,0.1833333333333333,9.0,,,9.0
sweep_cps_q4,type_llm_SapBERT-from-PubMedBERT-fulltext@V1C,CPS_Global,0.0833333333333333,9.0,,,9.0
sweep_cps_q4,type_llm_all-MiniLM-L6-v2,CPS_Global,0.6207792207792208,21.0,,,9.0
sweep_cps_q4,type_llm_all-MiniLM-L6-v2,CPS_Global_pTau,0.6285714285714287,21.0,,,9.0
sweep_cps_q4,type_llm_all-MiniLM-L6-v2,CPS_Global_ABeta,0.1727272727272727,21.0,,,9.0
sweep_cps_q4,type_llm_all-MiniLM-L6-v2,braak_trajectory,0.3440411536766189,,,,9.0
sweep_cps_q4,type_llm_all-MiniLM-L6-v2,cerad_trajectory,0.3557482911583832,,,,9.0
sweep_cps_q4,type_llm_all-MiniLM-L6-v2,adnc_trajectory,0.2353724022925574,,,,9.0
sweep_cps_q4,type_llm_all-MiniLM-L6-v2@MTG,CPS_Local,0.5285714285714286,21.0,,,9.0
sweep_cps_q4,type_llm_all-MiniLM-L6-v2@MTG,CPS_Global,0.5675324675324676,21.0,,,9.0
sweep_cps_q4,type_llm_all-MiniLM-L6-v2@V1C,CPS_Local,0.2833333333333333,9.0,,,9.0
sweep_cps_q4,type_llm_all-MiniLM-L6-v2@V1C,CPS_Global,0.6,9.0,,,9.0
sweep_cpsq4_shuf,pseudobulk_pca,CPS_Global,0.2961038961038961,21.0,,,9.0
sweep_cpsq4_shuf,pseudobulk_pca,braak_trajectory,0.439684357501407,,,,9.0
sweep_cpsq4_shuf,pseudobulk_pca,CPS_Global,0.1233766233766233,21.0,,,9.0
sweep_cpsq4_shuf,pseudobulk_pca,braak_trajectory,0.2735879141808546,,,,9.0
sweep_cpsq4_shuf,pseudobulk_pca,CPS_Global,0.222077922077922,21.0,,,9.0
sweep_cpsq4_shuf,pseudobulk_pca,braak_trajectory,0.6406993939726258,,,,9.0
sweep_cpsq4_shuf,type_llm_SapBERT-from-PubMedBERT-fulltext,CPS_Global,0.3389610389610389,21.0,,,9.0
sweep_cpsq4_shuf,type_llm_SapBERT-from-PubMedBERT-fulltext,CPS_Global_pTau,0.5974025974025974,21.0,,,9.0
sweep_cpsq4_shuf,type_llm_SapBERT-from-PubMedBERT-fulltext,CPS_Global_ABeta,-0.3519480519480519,21.0,,,9.0
sweep_cpsq4_shuf,type_llm_SapBERT-from-PubMedBERT-fulltext,braak_trajectory,-0.3353575687790961,,,,9.0
sweep_cpsq4_shuf,type_llm_SapBERT-from-PubMedBERT-fulltext,cerad_trajectory,-0.5659298171808937,,,,9.0
sweep_cpsq4_shuf,type_llm_SapBERT-from-PubMedBERT-fulltext,adnc_trajectory,-0.5556944828598664,,,,9.0
sweep_cpsq4_shuf,type_llm_SapBERT-from-PubMedBERT-fulltext@MTG,CPS_Local,0.222077922077922,21.0,,,9.0
sweep_cpsq4_shuf,type_llm_SapBERT-from-PubMedBERT-fulltext@MTG,CPS_Global,0.3142857142857143,21.0,,,9.0
sweep_cpsq4_shuf,type_llm_SapBERT-from-PubMedBERT-fulltext@V1C,CPS_Local,0.2333333333333333,9.0,,,9.0
sweep_cpsq4_shuf,type_llm_SapBERT-from-PubMedBERT-fulltext@V1C,CPS_Global,0.1333333333333333,9.0,,,9.0
sweep_cpsq4_shuf,type_llm_all-MiniLM-L6-v2,CPS_Global,0.6831168831168831,21.0,,,9.0
sweep_cpsq4_shuf,type_llm_all-MiniLM-L6-v2,CPS_Global_pTau,0.6818181818181818,21.0,,,9.0
sweep_cpsq4_shuf,type_llm_all-MiniLM-L6-v2,CPS_Global_ABeta,0.5233766233766234,21.0,,,9.0
sweep_cpsq4_shuf,type_llm_all-MiniLM-L6-v2,braak_trajectory,0.569695542044817,,,,9.0
sweep_cpsq4_shuf,type_llm_all-MiniLM-L6-v2,cerad_trajectory,0.6664028644340233,,,,9.0
sweep_cpsq4_shuf,type_llm_all-MiniLM-L6-v2,adnc_trajectory,0.6005085540582427,,,,9.0
sweep_cpsq4_shuf,type_llm_all-MiniLM-L6-v2@MTG,CPS_Local,0.696103896103896,21.0,,,9.0
sweep_cpsq4_shuf,type_llm_all-MiniLM-L6-v2@MTG,CPS_Global,0.6467532467532467,21.0,,,9.0
sweep_cpsq4_shuf,type_llm_all-MiniLM-L6-v2@V1C,CPS_Local,0.7666666666666667,9.0,,,9.0
sweep_cpsq4_shuf,type_llm_all-MiniLM-L6-v2@V1C,CPS_Global,0.3166666666666666,9.0,,,9.0
sweep_cpsq4_shuf,type_llm_SapBERT-from-PubMedBERT-fulltext,CPS_Global,0.4415584415584415,21.0,,,9.0
sweep_cpsq4_shuf,type_llm_SapBERT-from-PubMedBERT-fulltext,CPS_Global_pTau,0.422077922077922,21.0,,,9.0
sweep_cpsq4_shuf,type_llm_SapBERT-from-PubMedBERT-fulltext,CPS_Global_ABeta,0.3207792207792208,21.0,,,9.0
sweep_cpsq4_shuf,type_llm_SapBERT-from-PubMedBERT-fulltext,braak_trajectory,0.2843440246640725,,,,9.0
sweep_cpsq4_shuf,type_llm_SapBERT-from-PubMedBERT-fulltext,cerad_trajectory,0.4491076137814547,,,,9.0
sweep_cpsq4_shuf,type_llm_SapBERT-from-PubMedBERT-fulltext,adnc_trajectory,0.2811770791507917,,,,9.0
sweep_cpsq4_shuf,type_llm_SapBERT-from-PubMedBERT-fulltext@MTG,CPS_Local,0.4233766233766233,21.0,,,9.0
sweep_cpsq4_shuf,type_llm_SapBERT-from-PubMedBERT-fulltext@MTG,CPS_Global,0.4194805194805195,21.0,,,9.0
sweep_cpsq4_shuf,type_llm_SapBERT-from-PubMedBERT-fulltext@V1C,CPS_Local,0.4285714285714286,7.0,,,9.0
sweep_cpsq4_shuf,type_llm_SapBERT-from-PubMedBERT-fulltext@V1C,CPS_Global,0.4642857142857144,7.0,,,9.0
sweep_cpsq4_shuf,type_llm_all-MiniLM-L6-v2,CPS_Global,0.0428571428571428,21.0,,,9.0
sweep_cpsq4_shuf,type_llm_all-MiniLM-L6-v2,CPS_Global_pTau,0.1805194805194805,21.0,,,9.0
sweep_cpsq4_shuf,type_llm_all-MiniLM-L6-v2,CPS_Global_ABeta,-0.0974025974025974,21.0,,,9.0
sweep_cpsq4_shuf,type_llm_all-MiniLM-L6-v2,braak_trajectory,0.3908882057434504,,,,9.0
sweep_cpsq4_shuf,type_llm_all-MiniLM-L6-v2,cerad_trajectory,-0.6056772406043471,,,,9.0
sweep_cpsq4_shuf,type_llm_all-MiniLM-L6-v2,adnc_trajectory,0.4048949939771401,,,,9.0
sweep_cpsq4_shuf,type_llm_all-MiniLM-L6-v2@MTG,CPS_Local,0.1831168831168831,21.0,,,9.0
sweep_cpsq4_shuf,type_llm_all-MiniLM-L6-v2@MTG,CPS_Global,0.1376623376623376,21.0,,,9.0
sweep_cpsq4_shuf,type_llm_all-MiniLM-L6-v2@V1C,CPS_Local,-0.1428571428571428,7.0,,,9.0
sweep_cpsq4_shuf,type_llm_all-MiniLM-L6-v2@V1C,CPS_Global,-0.3928571428571429,7.0,,,9.0
sweep_cpsq4_shuf,type_llm_SapBERT-from-PubMedBERT-fulltext,CPS_Global,0.3493506493506493,21.0,,,9.0
sweep_cpsq4_shuf,type_llm_SapBERT-from-PubMedBERT-fulltext,CPS_Global_pTau,0.425974025974026,21.0,,,9.0
sweep_cpsq4_shuf,type_llm_SapBERT-from-PubMedBERT-fulltext,CPS_Global_ABeta,0.0896103896103896,21.0,,,9.0
sweep_cpsq4_shuf,type_llm_SapBERT-from-PubMedBERT-fulltext,braak_trajectory,0.0609589373034005,,,,9.0
sweep_cpsq4_shuf,type_llm_SapBERT-from-PubMedBERT-fulltext,cerad_trajectory,-0.0033967422657208,,,,9.0
sweep_cpsq4_shuf,type_llm_SapBERT-from-PubMedBERT-fulltext,adnc_trajectory,-0.1368004938797183,,,,9.0
sweep_cpsq4_shuf,type_llm_SapBERT-from-PubMedBERT-fulltext@MTG,CPS_Local,0.251948051948052,21.0,,,9.0
sweep_cpsq4_shuf,type_llm_SapBERT-from-PubMedBERT-fulltext@MTG,CPS_Global,0.1597402597402597,21.0,,,9.0
sweep_cpsq4_shuf,type_llm_SapBERT-from-PubMedBERT-fulltext@V1C,CPS_Local,-0.0424242424242424,10.0,,,9.0
sweep_cpsq4_shuf,type_llm_SapBERT-from-PubMedBERT-fulltext@V1C,CPS_Global,-0.2363636363636363,10.0,,,9.0
sweep_cpsq4_shuf,type_llm_all-MiniLM-L6-v2,CPS_Global,0.3571428571428571,21.0,,,9.0
sweep_cpsq4_shuf,type_llm_all-MiniLM-L6-v2,CPS_Global_pTau,0.4558441558441558,21.0,,,9.0
sweep_cpsq4_shuf,type_llm_all-MiniLM-L6-v2,CPS_Global_ABeta,0.061038961038961,21.0,,,9.0
sweep_cpsq4_shuf,type_llm_all-MiniLM-L6-v2,braak_trajectory,0.064587445476222,,,,9.0
sweep_cpsq4_shuf,type_llm_all-MiniLM-L6-v2,cerad_trajectory,0.1086957525030669,,,,9.0
sweep_cpsq4_shuf,type_llm_all-MiniLM-L6-v2,adnc_trajectory,0.0179410483776679,,,,9.0
sweep_cpsq4_shuf,type_llm_all-MiniLM-L6-v2@MTG,CPS_Local,0.1948051948051948,21.0,,,9.0
sweep_cpsq4_shuf,type_llm_all-MiniLM-L6-v2@MTG,CPS_Global,0.1857142857142857,21.0,,,9.0
sweep_cpsq4_shuf,type_llm_all-MiniLM-L6-v2@V1C,CPS_Local,0.0545454545454545,10.0,,,9.0
sweep_cpsq4_shuf,type_llm_all-MiniLM-L6-v2@V1C,CPS_Global,0.0787878787878787,10.0,,,9.0
sweep_thal,pseudobulk_pca,CPS_Global,0.2961038961038961,21.0,,,9.0
sweep_thal,pseudobulk_pca,braak_trajectory,0.439684357501407,,,,9.0
sweep_thal,pseudobulk_pca,CPS_Global,0.1233766233766233,21.0,,,9.0
sweep_thal,pseudobulk_pca,braak_trajectory,0.2735879141808546,,,,9.0
sweep_thal,pseudobulk_pca,CPS_Global,0.222077922077922,21.0,,,9.0
sweep_thal,pseudobulk_pca,braak_trajectory,0.6406993939726258,,,,9.0
sweep_thal,type_llm_SapBERT-from-PubMedBERT-fulltext,CPS_Global,0.1792207792207792,21.0,,,9.0
sweep_thal,type_llm_SapBERT-from-PubMedBERT-fulltext,CPS_Global_pTau,0.1415584415584415,21.0,,,9.0
sweep_thal,type_llm_SapBERT-from-PubMedBERT-fulltext,CPS_Global_ABeta,0.0974025974025974,21.0,,,9.0
sweep_thal,type_llm_SapBERT-from-PubMedBERT-fulltext,braak_trajectory,0.1115192958444602,,,,9.0
sweep_thal,type_llm_SapBERT-from-PubMedBERT-fulltext,cerad_trajectory,0.2362654685112602,,,,9.0
sweep_thal,type_llm_SapBERT-from-PubMedBERT-fulltext,adnc_trajectory,0.2141904485238956,,,,9.0
sweep_thal,type_llm_SapBERT-from-PubMedBERT-fulltext@MTG,CPS_Local,0.5324675324675324,21.0,,,9.0
sweep_thal,type_llm_SapBERT-from-PubMedBERT-fulltext@MTG,CPS_Global,0.5142857142857142,21.0,,,9.0
sweep_thal,type_llm_SapBERT-from-PubMedBERT-fulltext@V1C,CPS_Local,-0.3363636363636363,11.0,,,9.0
sweep_thal,type_llm_SapBERT-from-PubMedBERT-fulltext@V1C,CPS_Global,-0.2727272727272727,11.0,,,9.0
sweep_thal,type_llm_all-MiniLM-L6-v2,CPS_Global,0.2012987012987012,21.0,,,9.0
sweep_thal,type_llm_all-MiniLM-L6-v2,CPS_Global_pTau,0.2818181818181818,21.0,,,9.0
sweep_thal,type_llm_all-MiniLM-L6-v2,CPS_Global_ABeta,0.0844155844155844,21.0,,,9.0
sweep_thal,type_llm_all-MiniLM-L6-v2,braak_trajectory,0.0887892482838059,,,,9.0
sweep_thal,type_llm_all-MiniLM-L6-v2,cerad_trajectory,0.1653858279578821,,,,9.0
sweep_thal,type_llm_all-MiniLM-L6-v2,adnc_trajectory,0.128374731362856,,,,9.0
sweep_thal,type_llm_all-MiniLM-L6-v2@MTG,CPS_Local,0.5610389610389611,21.0,,,9.0
sweep_thal,type_llm_all-MiniLM-L6-v2@MTG,CPS_Global,0.4961038961038961,21.0,,,9.0
sweep_thal,type_llm_all-MiniLM-L6-v2@V1C,CPS_Local,-0.2181818181818182,11.0,,,9.0
sweep_thal,type_llm_all-MiniLM-L6-v2@V1C,CPS_Global,-0.1454545454545454,11.0,,,9.0
sweep_thal,type_llm_SapBERT-from-PubMedBERT-fulltext,CPS_Global,0.4077922077922078,21.0,,,9.0
sweep_thal,type_llm_SapBERT-from-PubMedBERT-fulltext,CPS_Global_pTau,0.5116883116883117,21.0,,,9.0
sweep_thal,type_llm_SapBERT-from-PubMedBERT-fulltext,CPS_Global_ABeta,0.1688311688311688,21.0,,,9.0
sweep_thal,type_llm_SapBERT-from-PubMedBERT-fulltext,braak_trajectory,-0.0088694336268107,,,,9.0
sweep_thal,type_llm_SapBERT-from-PubMedBERT-fulltext,cerad_trajectory,0.0590936840285278,,,,9.0
sweep_thal,type_llm_SapBERT-from-PubMedBERT-fulltext,adnc_trajectory,-0.1615526683047437,,,,9.0
sweep_thal,type_llm_SapBERT-from-PubMedBERT-fulltext@MTG,CPS_Local,0.3389610389610389,21.0,,,9.0
sweep_thal,type_llm_SapBERT-from-PubMedBERT-fulltext@MTG,CPS_Global,0.2883116883116883,21.0,,,9.0
sweep_thal,type_llm_SapBERT-from-PubMedBERT-fulltext@V1C,CPS_Local,0.1727272727272727,11.0,,,9.0
sweep_thal,type_llm_SapBERT-from-PubMedBERT-fulltext@V1C,CPS_Global,0.2545454545454546,11.0,,,9.0
sweep_thal,type_llm_all-MiniLM-L6-v2,CPS_Global,0.3571428571428571,21.0,,,9.0
sweep_thal,type_llm_all-MiniLM-L6-v2,CPS_Global_pTau,0.4233766233766233,21.0,,,9.0
sweep_thal,type_llm_all-MiniLM-L6-v2,CPS_Global_ABeta,0.1649350649350649,21.0,,,9.0
sweep_thal,type_llm_all-MiniLM-L6-v2,braak_trajectory,0.1576030129071756,,,,9.0
sweep_thal,type_llm_all-MiniLM-L6-v2,cerad_trajectory,0.2632355015816242,,,,9.0
sweep_thal,type_llm_all-MiniLM-L6-v2,adnc_trajectory,0.3959759018873717,,,,9.0
sweep_thal,type_llm_all-MiniLM-L6-v2@MTG,CPS_Local,0.3194805194805195,21.0,,,9.0
sweep_thal,type_llm_all-MiniLM-L6-v2@MTG,CPS_Global,0.3155844155844156,21.0,,,9.0
sweep_thal,type_llm_all-MiniLM-L6-v2@V1C,CPS_Local,-0.0636363636363636,11.0,,,9.0
sweep_thal,type_llm_all-MiniLM-L6-v2@V1C,CPS_Global,0.0181818181818181,11.0,,,9.0
sweep_thal,type_llm_SapBERT-from-PubMedBERT-fulltext,CPS_Global,0.3818181818181818,21.0,,,9.0
sweep_thal,type_llm_SapBERT-from-PubMedBERT-fulltext,CPS_Global_pTau,0.4883116883116883,21.0,,,9.0
sweep_thal,type_llm_SapBERT-from-PubMedBERT-fulltext,CPS_Global_ABeta,0.1246753246753246,21.0,,,9.0
sweep_thal,type_llm_SapBERT-from-PubMedBERT-fulltext,braak_trajectory,0.2101329202096714,,,,9.0
sweep_thal,type_llm_SapBERT-from-PubMedBERT-fulltext,cerad_trajectory,0.1323086623663057,,,,9.0
sweep_thal,type_llm_SapBERT-from-PubMedBERT-fulltext,adnc_trajectory,0.1319196355032033,,,,9.0
sweep_thal,type_llm_SapBERT-from-PubMedBERT-fulltext@MTG,CPS_Local,0.4623376623376624,21.0,,,9.0
sweep_thal,type_llm_SapBERT-from-PubMedBERT-fulltext@MTG,CPS_Global,0.487012987012987,21.0,,,9.0
sweep_thal,type_llm_SapBERT-from-PubMedBERT-fulltext@V1C,CPS_Local,0.3333333333333333,9.0,,,9.0
sweep_thal,type_llm_SapBERT-from-PubMedBERT-fulltext@V1C,CPS_Global,0.2833333333333333,9.0,,,9.0
sweep_thal,type_llm_all-MiniLM-L6-v2,CPS_Global,0.4675324675324674,21.0,,,9.0
sweep_thal,type_llm_all-MiniLM-L6-v2,CPS_Global_pTau,0.535064935064935,21.0,,,9.0
sweep_thal,type_llm_all-MiniLM-L6-v2,CPS_Global_ABeta,0.1493506493506493,21.0,,,9.0
sweep_thal,type_llm_all-MiniLM-L6-v2,braak_trajectory,0.084465193417613,,,,9.0
sweep_thal,type_llm_all-MiniLM-L6-v2,cerad_trajectory,0.1316336181705592,,,,9.0
sweep_thal,type_llm_all-MiniLM-L6-v2,adnc_trajectory,0.1596921903459829,,,,9.0
sweep_thal,type_llm_all-MiniLM-L6-v2@MTG,CPS_Local,0.5142857142857142,21.0,,,9.0
sweep_thal,type_llm_all-MiniLM-L6-v2@MTG,CPS_Global,0.4857142857142856,21.0,,,9.0
sweep_thal,type_llm_all-MiniLM-L6-v2@V1C,CPS_Local,0.4833333333333333,9.0,,,9.0
sweep_thal,type_llm_all-MiniLM-L6-v2@V1C,CPS_Global,0.3833333333333333,9.0,,,9.0
