cohort,candidate,reference,role,delta_rho,ci_low,ci_high,p_emp,n_boot_valid,n_donors,candidate_rho,reference_rho,per_seed_delta,q_fdr,comparison
seaad_mtg,T0,B2,secondary,-0.21385281385281382,-0.5121955549842409,0.05991914673364725,0.12249975012493752,2000,45,0.2398268398268398,0.4536796536796537,"{""3"": 0.08311688311688312, ""4"": -0.45324675324675323, ""5"": -0.27142857142857135}",0.8587218612915763,T0-B2
seaad_mtg,T0,T1,secondary,0.01904761904761906,-0.07481839043244096,0.1275238834227684,0.8124997501249376,2000,45,0.2398268398268398,0.22077922077922074,"{""3"": 0.045454545454545456, ""4"": 0.01688311688311686, ""5"": -0.005194805194805141}",0.880208062635349,T0-T1
seaad_mtg,T2,B2,primary,-0.1922077922077922,-0.48680347952343284,0.1086113000550208,0.2044997501249375,2000,45,0.26147186147186147,0.4536796536796537,"{""3"": 0.09870129870129869, ""4"": -0.42987012987012985, ""5"": -0.24545454545454537}",,T2-B2
seaad_mtg,T2,T1,primary,0.040692640692640704,-0.03603758192543653,0.13184607907514984,0.3554997501249375,2000,45,0.26147186147186147,0.22077922077922074,"{""3"": 0.06103896103896103, ""4"": 0.040259740259740245, ""5"": 0.02077922077922084}",,T2-T1
seaad_mtg,T3,B2,primary,-0.2255411255411255,-0.49107473043807937,0.04697549448405188,0.11849975012493752,2000,45,0.22813852813852817,0.4536796536796537,"{""3"": 0.045454545454545456, ""4"": -0.5038961038961038, ""5"": -0.21818181818181803}",,T3-B2
seaad_mtg,T3,T1,primary,0.007359307359307407,-0.12481124089514953,0.16214267045617628,0.8984997501249375,2000,45,0.22813852813852817,0.22077922077922074,"{""3"": 0.007792207792207791, ""4"": -0.03376623376623375, ""5"": 0.04805194805194818}",,T3-T1
seaad_mtg,N1,B2,secondary,-0.09567099567099567,-0.36234031960278773,0.15840503542004047,0.45749975012493754,2000,45,0.35800865800865794,0.4536796536796537,"{""3"": 0.11948051948051948, ""4"": -0.3168831168831169, ""5"": -0.08961038961038958}",0.8587218612915763,N1-B2
seaad_mtg,N1,T1,secondary,0.13722943722943723,-0.08876180629269646,0.36636932052638277,0.24749975012493752,2000,45,0.35800865800865794,0.22077922077922074,"{""3"": 0.08181818181818182, ""4"": 0.1532467532467532, ""5"": 0.17662337662337663}",0.8587218612915763,N1-T1
seaad_mtg,N2,B2,secondary,-0.1779220779220779,-0.4343057908389872,0.08388552192085198,0.22349975012493753,2000,45,0.27575757575757576,0.4536796536796537,"{""3"": -0.02597402597402598, ""4"": -0.28831168831168824, ""5"": -0.2194805194805194}",0.8587218612915763,N2-B2
seaad_mtg,N2,T1,secondary,0.054978354978354994,-0.06436208664587603,0.19001643310918506,0.44849975012493754,2000,45,0.27575757575757576,0.22077922077922074,"{""3"": -0.06363636363636364, ""4"": 0.18181818181818182, ""5"": 0.046753246753246824}",0.8587218612915763,N2-T1
seaad_mtg,B2,B0,secondary,0.19004329004329001,-0.1322468400535246,0.5005188204745099,0.26949975012493754,2000,45,0.4536796536796537,0.2636363636363636,"{""3"": -0.023376623376623374, ""4"": 0.3272727272727272, ""5"": 0.2662337662337662}",0.8587218612915763,B2-B0
seaad_mtg,B2,B1,secondary,0.07792207792207784,-0.15922518476769695,0.32770080547992503,0.5404997501249376,2000,45,0.4536796536796537,0.3757575757575758,"{""3"": -0.046753246753246755, ""4"": 0.1428571428571428, ""5"": 0.1376623376623375}",0.8587218612915763,B2-B1
seaad_mtg,T2,T0,secondary,0.02164502164502165,-0.0622661187558731,0.10948501244326726,0.5944997501249375,2000,45,0.26147186147186147,0.2398268398268398,"{""3"": 0.015584415584415583, ""4"": 0.023376623376623384, ""5"": 0.025974025974025983}",0.8587218612915763,T2-T0
seaad_mtg,T3,T0,secondary,-0.01168831168831165,-0.12377316973543094,0.10155834675081961,0.9084997501249376,2000,45,0.22813852813852817,0.2398268398268398,"{""3"": -0.03766233766233766, ""4"": -0.05064935064935061, ""5"": 0.05324675324675332}",0.9084997501249374,T3-T0
seaad_mtg,N2,T2,secondary,0.014285714285714296,-0.10475302795245751,0.1345646537482097,0.8004997501249376,2000,45,0.27575757575757576,0.26147186147186147,"{""3"": -0.12467532467532468, ""4"": 0.14155844155844158, ""5"": 0.025974025974025983}",0.880208062635349,N2-T2
seaad_mtg,T2,N2,secondary,-0.014285714285714296,-0.14063314283095488,0.09871050743094685,0.7984997501249376,2000,45,0.26147186147186147,0.27575757575757576,"{""3"": 0.12467532467532468, ""4"": -0.14155844155844158, ""5"": -0.025974025974025983}",0.880208062635349,T2-N2
seaad_mtg,T3,N2,secondary,-0.047619047619047596,-0.19942613774323337,0.09984530449662918,0.5654997501249375,2000,45,0.22813852813852817,0.27575757575757576,"{""3"": 0.07142857142857142, ""4"": -0.21558441558441557, ""5"": 0.0012987012987013546}",0.8587218612915763,T3-N2
rosmap,T0,B2,secondary,-0.25875555394908073,-0.44444821080433333,-0.06653215976577993,0.010499750124937531,2000,68,0.1926973427680587,0.4514528967171394,"{""3"": -0.10775367869233798, ""4"": -0.1898696981778148, ""5"": -0.4786432849770894}",0.09349858404131269,T0-B2
rosmap,T0,T1,secondary,-0.10682623306870531,-0.2623150629140916,0.038430333048973774,0.1724997501249375,2000,68,0.1926973427680587,0.299523575836764,"{""3"": -0.10365435395947725, ""4"": 0.04820221439808303, ""5"": -0.2650265596447217}",0.41892796458913395,T0-T1
rosmap,T2,B2,secondary,-0.2656740832850247,-0.47785253015679025,-0.054828534366046955,0.012499750124937531,2000,68,0.18577881343211478,0.4514528967171394,"{""3"": -0.03220898004390538, ""4"": -0.24982855023396688, ""5"": -0.5149847195772017}",0.09349858404131269,T2-B2
rosmap,T2,T1,secondary,-0.11374476240464926,-0.26790241238123313,0.036738966479897384,0.15049975012493752,2000,68,0.18577881343211478,0.299523575836764,"{""3"": -0.028109655311044646, ""4"": -0.011756637658069058, ""5"": -0.30136799424483407}",0.41892796458913395,T2-T1
rosmap,T3,B2,secondary,-0.28963414087913136,-0.5230672672539424,-0.0507664422458491,0.016499750124937533,2000,68,0.16181875583800806,0.4514528967171394,"{""3"": -0.32736036080987446, ""4"": -0.23160576186395987, ""5"": -0.30993629996355976}",0.09349858404131269,T3-B2
rosmap,T3,T1,secondary,-0.13770481999875595,-0.3577736710892641,0.07971153325272377,0.22049975012493753,2000,68,0.16181875583800806,0.299523575836764,"{""3"": -0.32326103607701373, ""4"": 0.006466150711937957, ""5"": -0.09631957463119206}",0.46856196901549224,T3-T1
rosmap,N1,B2,secondary,-0.0373566719603892,-0.253071994926502,0.1735743644091281,0.7124997501249375,2000,68,0.4140962247567502,0.4514528967171394,"{""3"": -0.0005856178189801442, ""4"": -0.1504849620232836, ""5"": 0.039000563961096135}",0.8074997168082625,N1-B2
rosmap,N1,T1,secondary,0.11457264891998621,-0.1376391859347728,0.3580756703490967,0.3734997501249375,2000,68,0.4140962247567502,0.299523575836764,"{""3"": 0.0035137069138805876, ""4"": 0.08758695055261423, ""5"": 0.25261728929346383}",0.634463982294567,N1-T1
rosmap,N2,B2,secondary,-0.20559413131648308,-0.42073942055765184,0.02458938612879406,0.07249975012493752,2000,68,0.24585876540065635,0.4514528967171394,"{""3"": -0.009955502922661674, ""4"": -0.17752522863684245, ""5"": -0.42930166238994505}",0.3081239380309845,N2-B2
rosmap,N2,T1,secondary,-0.05366481043610763,-0.20068927994316446,0.10122011356593015,0.5194997501249375,2000,68,0.24585876540065635,0.299523575836764,"{""3"": -0.005856178189800942, ""4"": 0.06054668393905538, ""5"": -0.21568493705757733}",0.634463982294567,N2-T1
rosmap,B2,B0,secondary,0.2135357199855269,-0.030394232270339654,0.43646574807020616,0.09249975012493752,2000,68,0.4514528967171394,0.23791717673161253,"{""3"": -0.045092572061467495, ""4"": 0.3491721384446501, ""5"": 0.33652759357339807}",0.3144991504247876,B2-B0
rosmap,B2,B1,secondary,-0.051965013134668815,-0.22364119203978342,0.10605345329540196,0.5224997501249375,2000,68,0.4514528967171394,0.5034179098518082,"{""3"": -0.03162336222492529, ""4"": 0.03409424920840032, ""5"": -0.15836592638748148}",0.634463982294567,B2-B1
rosmap,T2,T0,secondary,-0.006918529335943942,-0.13362229572333556,0.1350705917982214,0.9294997501249376,2000,68,0.18577881343211478,0.1926973427680587,"{""3"": 0.0755446986484326, ""4"": -0.05995885205615209, ""5"": -0.03634143460011234}",0.9294997501249376,T2-T0
rosmap,T3,T0,secondary,-0.030878586930050633,-0.24182890319871406,0.18728611501450115,0.8034997501249376,2000,68,0.16181875583800806,0.1926973427680587,"{""3"": -0.21960668211753648, ""4"": -0.041736063686145075, ""5"": 0.16870698501352965}",0.8537184845077461,T3-T0
rosmap,N2,T2,secondary,0.06007995196854163,-0.0832343689385906,0.21583982053590423,0.44349975012493753,2000,68,0.24585876540065635,0.18577881343211478,"{""3"": 0.022253477121243703, ""4"": 0.07230332159712444, ""5"": 0.08568305718725674}",0.634463982294567,N2-T2
rosmap,T2,N2,secondary,-0.06007995196854163,-0.21427979742064007,0.08057990539398312,0.44149975012493753,2000,68,0.18577881343211478,0.24585876540065635,"{""3"": -0.022253477121243703, ""4"": -0.07230332159712444, ""5"": -0.08568305718725674}",0.634463982294567,T2-N2
rosmap,T3,N2,secondary,-0.0840400095626483,-0.296129108875008,0.12150692361878342,0.45649975012493754,2000,68,0.16181875583800806,0.24585876540065635,"{""3"": -0.3174048578872128, ""4"": -0.05408053322711742, ""5"": 0.11936536242638526}",0.634463982294567,T3-N2
seaad_pfc,T0,B2,secondary,-0.09423558897243108,-0.4137884395235262,0.228917027258107,0.6144997501249375,2000,46,0.2591478696741854,0.3533834586466165,"{""0"": 0.150375939849624, ""1"": -0.21052631578947364, ""2"": -0.22255639097744362}",0.9504997501249375,T0-B2
seaad_pfc,T0,T1,secondary,-0.03308270676691732,-0.16455453121939645,0.10057691728933824,0.6814997501249376,2000,46,0.2591478696741854,0.2922305764411028,"{""0"": -0.07368421052631585, ""1"": -0.04511278195488719, ""2"": 0.019548872180451093}",0.9504997501249375,T0-T1
seaad_pfc,T2,B2,secondary,-0.10576441102756891,-0.43276936137343264,0.21479381432262082,0.5174997501249375,2000,46,0.2476190476190476,0.3533834586466165,"{""0"": 0.10676691729323308, ""1"": -0.21654135338345862, ""2"": -0.2075187969924812}",0.9504997501249375,T2-B2
seaad_pfc,T2,T1,secondary,-0.04461152882205515,-0.19133093774643564,0.10177433030178366,0.5894997501249375,2000,46,0.2476190476190476,0.2922305764411028,"{""0"": -0.11729323308270678, ""1"": -0.05112781954887216, ""2"": 0.0345864661654135}",0.9504997501249375,T2-T1
seaad_pfc,T3,B2,secondary,-0.0606516290726817,-0.3351750387318416,0.23872238103662177,0.6934997501249375,2000,46,0.2927318295739348,0.3533834586466165,"{""0"": 0.1819548872180451, ""1"": -0.26466165413533826, ""2"": -0.09924812030075192}",0.9504997501249375,T3-B2
seaad_pfc,T3,T1,secondary,0.0005012531328320672,-0.12634745552224036,0.13700333030653325,0.9504997501249375,2000,46,0.2927318295739348,0.2922305764411028,"{""0"": -0.04210526315789476, ""1"": -0.09924812030075184, ""2"": 0.1428571428571428}",0.9504997501249375,T3-T1
seaad_pfc,N1,B2,secondary,-0.2731829573934837,-0.5435073365658263,0.03897847149464868,0.08949975012493752,2000,46,0.08020050125313281,0.3533834586466165,"{""0"": 0.11729323308270674, ""1"": -0.29624060150375936, ""2"": -0.6406015037593985}",0.7607478760619689,N1-B2
seaad_pfc,N1,T1,secondary,-0.21203007518796993,-0.40957063837537816,0.017102715046795586,0.07149975012493752,2000,46,0.08020050125313281,0.2922305764411028,"{""0"": -0.10676691729323312, ""1"": -0.1308270676691729, ""2"": -0.3984962406015038}",0.7607478760619689,N1-T1
seaad_pfc,N2,B2,secondary,-0.09172932330827066,-0.3997981927416254,0.18827376565664455,0.5234997501249375,2000,46,0.26165413533834586,0.3533834586466165,"{""0"": 0.0706766917293233, ""1"": -0.15338345864661646, ""2"": -0.1924812030075188}",0.9504997501249375,N2-B2
seaad_pfc,N2,T1,secondary,-0.030576441102756886,-0.1475193864078847,0.08955745412397143,0.6084997501249375,2000,46,0.26165413533834586,0.2922305764411028,"{""0"": -0.15338345864661657, ""1"": 0.012030075187970002, ""2"": 0.049624060150375904}",0.9504997501249375,N2-T1
seaad_pfc,B2,B0,secondary,0.035588972431077705,-0.27405975295074864,0.3474016829044569,0.8324997501249375,2000,46,0.3533834586466165,0.31779448621553885,"{""0"": -0.2661654135338345, ""1"": 0.1383458646616541, ""2"": 0.2345864661654135}",0.9504997501249375,B2-B0
seaad_pfc,B2,B1,secondary,0.13834586466165413,-0.0927660711347942,0.3620747964494173,0.22449975012493753,2000,46,0.3533834586466165,0.2150375939849624,"{""0"": 0.0406015037593985, ""1"": 0.09022556390977443, ""2"": 0.28421052631578947}",0.9504997501249375,B2-B1
seaad_pfc,T2,T0,secondary,-0.011528822055137833,-0.14684284345274248,0.09647463278972135,0.8004997501249376,2000,46,0.2476190476190476,0.2591478696741854,"{""0"": -0.04360902255639093, ""1"": -0.006015037593984973, ""2"": 0.015037593984962405}",0.9504997501249375,T2-T0
seaad_pfc,T3,T0,secondary,0.03358395989974938,-0.07650120210049316,0.15253249984894682,0.5994997501249375,2000,46,0.2927318295739348,0.2591478696741854,"{""0"": 0.031578947368421095, ""1"": -0.05413533834586465, ""2"": 0.1233082706766917}",0.9504997501249375,T3-T0
seaad_pfc,N2,T2,secondary,0.014035087719298261,-0.13449146394538752,0.16967285796206072,0.8994997501249375,2000,46,0.26165413533834586,0.2476190476190476,"{""0"": -0.036090225563909784, ""1"": 0.06315789473684216, ""2"": 0.015037593984962405}",0.9504997501249375,N2-T2
seaad_pfc,T2,N2,secondary,-0.014035087719298261,-0.1749320352575934,0.13335647108639204,0.8984997501249375,2000,46,0.2476190476190476,0.26165413533834586,"{""0"": 0.036090225563909784, ""1"": -0.06315789473684216, ""2"": -0.015037593984962405}",0.9504997501249375,T2-N2
seaad_pfc,T3,N2,secondary,0.031077694235588954,-0.1016417921705768,0.17237836145502652,0.5964997501249375,2000,46,0.2927318295739348,0.26165413533834586,"{""0"": 0.11127819548872181, ""1"": -0.11127819548872184, ""2"": 0.09323308270676689}",0.9504997501249375,T3-N2
