donor_id,observed,predicted
H20.33.005,0.27600578,0.495687
H20.33.008,0.73637715,0.28890103
H20.33.013,0.50767627,0.35552827
H20.33.014,0.67090077,0.40067947
H20.33.016,0.507604385,0.5445425
H20.33.018,0.87487015,0.531844
H20.33.024,0.62915841,0.53096116
H20.33.027,0.55447074,0.36299145
H20.33.028,0.63441608,0.60347295
H20.33.031,0.8317118,0.5167997
H20.33.046,0.8976469,0.6234058
H21.33.008,0.8261358400000001,0.7211565
H21.33.016,0.201613508,0.5608946
H21.33.018,0.354305075,0.4914608
H21.33.019,0.16520025,0.43316835
H21.33.031,0.904375265,0.61303407
H21.33.032,0.40161113,0.5417537
H21.33.033,0.82892887,0.81713426
H21.33.042,0.868882675,0.4966151
H21.33.043,0.5800673,0.5080585
